caso_id,perfil,original,normalizado,transformaciones,valores_monetarios
caso_001,cliente_01_estudiante,"¿reciben nequi, pana?","¿reciben nequi, pana?",0,[]
caso_002,cliente_01_estudiante,"parce, ¿reciben nequi?","parce, ¿reciben nequi?",0,[]
caso_003,cliente_01_estudiante,"¿puedo pagar con tarjeta, nea?","¿puedo pagar con tarjeta, nea?",0,[]
caso_004,cliente_01_estudiante,"tienen corrientazo, pana?","tienen almuerzo almuerzo ejecutivo, pana?",2,[]
caso_005,cliente_01_estudiante,quiero una hamburguesa,quiero una hamburguesa,0,[]
caso_006,cliente_01_estudiante,¿reciben nequi?,¿reciben nequi?,0,[]
caso_007,cliente_01_estudiante,Me regala un cazuela,por favor me da un cazuela,2,[]
caso_008,cliente_01_estudiante,¿qué almuerzo tienen barato?,¿qué almuerzo tienen barato?,0,[]
caso_009,cliente_01_estudiante,necesito pedir un ejecutivo,necesito pedir un almuerzo ejecutivo,1,[]
caso_010,cliente_01_estudiante,"¿puedo pagar con tarjeta, nea?","¿puedo pagar con tarjeta, nea?",0,[]
caso_011,cliente_01_estudiante,qué puedo pedir con 15 mil?,qué puedo pedir con 15 mil?,0,[]
caso_012,cliente_01_estudiante,"algo por menos de 15 mil, nea?","algo por menos de 15 mil, nea?",0,[]
caso_013,cliente_01_estudiante,me regala un ejecutivo,por favor me da un almuerzo ejecutivo,2,[]
caso_014,cliente_01_estudiante,algo por menos de veinte lucas?,algo por menos de veinte lucas?,0,[20000]
caso_015,cliente_01_estudiante,"nea, tienen corrientazo?","nea, tienen almuerzo almuerzo ejecutivo?",2,[]
caso_016,cliente_01_estudiante,"bro, ¿reciben nequi?","bro, ¿reciben nequi?",0,[]
caso_017,cliente_01_estudiante,¿tienen daviplata?,¿tienen daviplata?,0,[]
caso_018,cliente_01_estudiante,"parce, algo por menos de 15 mil?","parce, algo por menos de 15 mil?",0,[]
caso_019,cliente_01_estudiante,Necesito pedir un ejecutivo,necesito pedir un almuerzo ejecutivo,2,[]
caso_020,cliente_01_estudiante,tienen corrientazo?,tienen almuerzo almuerzo ejecutivo?,2,[]
caso_021,cliente_01_estudiante,qué puedo pedir con 15 mil?,qué puedo pedir con 15 mil?,0,[]
caso_022,cliente_01_estudiante,"parce, ¿tienen daviplata?","parce, ¿tienen daviplata?",0,[]
caso_023,cliente_01_estudiante,¿puedo pagar con tarjeta?,¿puedo pagar con tarjeta?,0,[]
caso_024,cliente_01_estudiante,"pana, ¿qué almuerzo tienen barato?","pana, ¿qué almuerzo tienen barato?",0,[]
caso_025,cliente_01_estudiante,"nea, se puede pagar con transferencia?","nea, puedo pagar con transferencia?",1,[]
caso_026,cliente_01_estudiante,"Mándeme una pescado, parce","mándeme una pescado, parce",1,[]
caso_027,cliente_01_estudiante,"nea, algo por menos de 15 mil?","nea, algo por menos de 15 mil?",0,[]
caso_028,cliente_01_estudiante,tienen corrientazo?,tienen almuerzo almuerzo ejecutivo?,2,[]
caso_029,cliente_01_estudiante,"nea, algo por menos de treinta lucas?","nea, algo por menos de treinta lucas?",0,[30000]
caso_030,cliente_01_estudiante,"quiero una combo, nea","quiero una combo, nea",0,[]
caso_031,cliente_01_estudiante,"bro, se puede pagar con transferencia?","bro, puedo pagar con transferencia?",1,[]
caso_032,cliente_01_estudiante,"qué puedo pedir con veinte lucas, nea?","qué puedo pedir con veinte lucas, nea?",0,[20000]
caso_033,cliente_01_estudiante,¿reciben nequi?,¿reciben nequi?,0,[]
caso_034,cliente_01_estudiante,algo por menos de veinte lucas?,algo por menos de veinte lucas?,0,[20000]
caso_035,cliente_01_estudiante,"pana, necesito pedir un ejecutivo","pana, necesito pedir un almuerzo ejecutivo",1,[]
caso_036,cliente_01_estudiante,necesito pedir un cazuela,necesito pedir un cazuela,0,[]
caso_037,cliente_01_estudiante,¿qué almuerzo tienen barato?,¿qué almuerzo tienen barato?,0,[]
caso_038,cliente_01_estudiante,qué puedo pedir con 15 mil?,qué puedo pedir con 15 mil?,0,[]
caso_039,cliente_01_estudiante,"¿reciben nequi, pana?","¿reciben nequi, pana?",0,[]
caso_040,cliente_01_estudiante,"qué puedo pedir con 15 mil, bro?","qué puedo pedir con 15 mil, bro?",0,[]
caso_041,cliente_02_oficinista,"Joven, me regala la cuenta","joven, por favor me da la cuenta",2,[]
caso_042,cliente_02_oficinista,Por donde viene el domiciliario?,dónde está mi pedido el domiciliario?,2,[]
caso_043,cliente_02_oficinista,Mándeme una combo,mándeme una combo,1,[]
caso_044,cliente_02_oficinista,"Joven, ¿Ya casi llega mi pedido?","joven, ¿dónde está mi pedido mi pedido?",2,[]
caso_045,cliente_02_oficinista,"Señorita, por donde viene el domiciliario?","señorita, dónde está mi pedido el domiciliario?",2,[]
caso_046,cliente_02_oficinista,Por donde viene el domiciliario?,dónde está mi pedido el domiciliario?,2,[]
caso_047,cliente_02_oficinista,¿Ya casi llega mi pedido?,¿dónde está mi pedido mi pedido?,2,[]
caso_048,cliente_02_oficinista,"Necesito pedir un combo, señorita","necesito pedir un combo, señorita",1,[]
caso_049,cliente_02_oficinista,¿Me envían factura?,¿me envían factura?,1,[]
caso_050,cliente_02_oficinista,Me regala la cuenta,por favor me da la cuenta,2,[]
caso_051,cliente_02_oficinista,¿Ya casi llega mi pedido?,¿dónde está mi pedido mi pedido?,2,[]
caso_052,cliente_02_oficinista,Me regala la cuenta,por favor me da la cuenta,2,[]
caso_053,cliente_02_oficinista,Por donde viene el domiciliario?,dónde está mi pedido el domiciliario?,2,[]
caso_054,cliente_02_oficinista,Cuánto se demora?,cuál es el tiempo de entrega?,2,[]
caso_055,cliente_02_oficinista,"Señorita, quiero una combo","señorita, quiero una combo",1,[]
caso_056,cliente_02_oficinista,Me regala un hamburguesa,por favor me da un hamburguesa,2,[]
caso_057,cliente_02_oficinista,Necesito pedir un hamburguesa,necesito pedir un hamburguesa,1,[]
caso_058,cliente_02_oficinista,Necesito pedir un combo,necesito pedir un combo,1,[]
caso_059,cliente_02_oficinista,Me regala un ejecutivo,por favor me da un almuerzo ejecutivo,3,[]
caso_060,cliente_02_oficinista,Me regala un corrientazo,por favor me da un almuerzo almuerzo ejecutivo,4,[]
caso_061,cliente_02_oficinista,Me regala la cuenta,por favor me da la cuenta,2,[]
caso_062,cliente_02_oficinista,"Joven, me manda la cotiza?","joven, me manda la cotización?",2,[]
caso_063,cliente_02_oficinista,Me regala un cazuela,por favor me da un cazuela,2,[]
caso_064,cliente_02_oficinista,"Necesito pedir un cazuela, joven","necesito pedir un cazuela, joven",1,[]
caso_065,cliente_02_oficinista,¿Cuánto demora el domicilio?,¿cuál es el tiempo de entrega el domicilio?,2,[]
caso_066,cliente_02_oficinista,Cuánto se demora?,cuál es el tiempo de entrega?,2,[]
caso_067,cliente_02_oficinista,Me manda la cotiza?,me manda la cotización?,2,[]
caso_068,cliente_02_oficinista,"Joven, cuánto se demora?","joven, cuál es el tiempo de entrega?",2,[]
caso_069,cliente_02_oficinista,¿Cuánto demora el domicilio?,¿cuál es el tiempo de entrega el domicilio?,2,[]
caso_070,cliente_02_oficinista,"Joven, necesito pedir un pescado","joven, necesito pedir un pescado",1,[]
caso_071,cliente_02_oficinista,"Me manda la cotiza, joven?","me manda la cotización, joven?",2,[]
caso_072,cliente_02_oficinista,Necesito factura a nombre de la empresa,necesito factura necesito factura electrónica,2,[]
caso_073,cliente_02_oficinista,"Necesito pedir un ejecutivo, señorita","necesito pedir un almuerzo ejecutivo, señorita",2,[]
caso_074,cliente_02_oficinista,"Joven, ¿Ya casi llega mi pedido?","joven, ¿dónde está mi pedido mi pedido?",2,[]
caso_075,cliente_02_oficinista,"Me manda la cotiza, señorita?","me manda la cotización, señorita?",2,[]
caso_076,cliente_02_oficinista,¿Me envían factura?,¿me envían factura?,1,[]
caso_077,cliente_02_oficinista,Me regala la cuenta,por favor me da la cuenta,2,[]
caso_078,cliente_02_oficinista,"Señorita, me regala un pescado","señorita, por favor me da un pescado",2,[]
caso_079,cliente_02_oficinista,Me manda la cotiza?,me manda la cotización?,2,[]
caso_080,cliente_02_oficinista,Quiero una combo,quiero una combo,1,[]
caso_081,cliente_03_padre_familia,"Vecino, en cuanto sale el arroz con camarón?","vecino, cuánto cuesta el arroz con camarón?",2,[]
caso_082,cliente_03_padre_familia,"Tienen el menú del día, amigo?","tienen el menú del día, amigo?",1,[]
caso_083,cliente_03_padre_familia,Necesito pedir un cazuela,necesito pedir un cazuela,1,[]
caso_084,cliente_03_padre_familia,Me mandas el menú,me mandas el menú,1,[]
caso_085,cliente_03_padre_familia,"Envíame la carta, vecino","envíame la menú, vecino",2,[]
caso_086,cliente_03_padre_familia,"¿A cómo tienen el pescado, amigo?","¿a cómo tienen el pescado, amigo?",1,[]
caso_087,cliente_03_padre_familia,"¿Cuánto vale la arroz con camarón, vecino?","¿cuánto vale la arroz con camarón, vecino?",1,[]
caso_088,cliente_03_padre_familia,"en cuanto sale el combo, vecino?","cuánto cuesta el combo, vecino?",1,[]
caso_089,cliente_03_padre_familia,"Vecino, pásame el menú","vecino, pásame el menú",1,[]
caso_090,cliente_03_padre_familia,Quiero una hamburguesa,quiero una hamburguesa,1,[]
caso_091,cliente_03_padre_familia,"Tienen el menú del día, vecino?","tienen el menú del día, vecino?",1,[]
caso_092,cliente_03_padre_familia,¿Qué precio tiene la pescado?,¿qué precio tiene la pescado?,1,[]
caso_093,cliente_03_padre_familia,"Vecino, ¿Qué precio tiene la hamburguesa?","vecino, ¿qué precio tiene la hamburguesa?",1,[]
caso_094,cliente_03_padre_familia,Mándeme una hamburguesa,mándeme una hamburguesa,1,[]
caso_095,cliente_03_padre_familia,"Tienen el menú del día, amigo?","tienen el menú del día, amigo?",1,[]
caso_096,cliente_03_padre_familia,"Vecino, ¿Qué precio tiene la mojarra frita?","vecino, ¿qué precio tiene la mojarra frita?",1,[]
caso_097,cliente_03_padre_familia,¿A cómo tienen el pescado?,¿a cómo tienen el pescado?,1,[]
caso_098,cliente_03_padre_familia,"Me mandas el menú, vecino","me mandas el menú, vecino",1,[]
caso_099,cliente_03_padre_familia,Necesito pedir un combo,necesito pedir un combo,1,[]
caso_100,cliente_03_padre_familia,Necesito pedir un corrientazo,necesito pedir un almuerzo almuerzo ejecutivo,3,[]
caso_101,cliente_03_padre_familia,Quiero una arroz con camarón,quiero una arroz con camarón,1,[]
caso_102,cliente_03_padre_familia,"Amigo, necesito pedir un cazuela","amigo, necesito pedir un cazuela",1,[]
caso_103,cliente_03_padre_familia,"Envíame la carta, vecino","envíame la menú, vecino",2,[]
caso_104,cliente_03_padre_familia,"Amigo, tienen el menú del día?","amigo, tienen el menú del día?",1,[]
caso_105,cliente_03_padre_familia,Pásame el menú,pásame el menú,1,[]
caso_106,cliente_03_padre_familia,"Mándeme una cazuela, vecino","mándeme una cazuela, vecino",1,[]
caso_107,cliente_03_padre_familia,Quiero una ejecutivo,quiero una almuerzo ejecutivo,2,[]
caso_108,cliente_03_padre_familia,"¿A cómo tienen el combo, amigo?","¿a cómo tienen el combo, amigo?",1,[]
caso_109,cliente_03_padre_familia,Necesito pedir un mojarra frita,necesito pedir un mojarra frita,1,[]
caso_110,cliente_03_padre_familia,"Vecino, quiero una arroz con camarón","vecino, quiero una arroz con camarón",1,[]
caso_111,cliente_03_padre_familia,"Mándeme una pescado, vecino","mándeme una pescado, vecino",1,[]
caso_112,cliente_03_padre_familia,en cuanto sale el cazuela?,cuánto cuesta el cazuela?,1,[]
caso_113,cliente_03_padre_familia,¿A cómo tienen el combo?,¿a cómo tienen el combo?,1,[]
caso_114,cliente_03_padre_familia,Me regala un cazuela,por favor me da un cazuela,2,[]
caso_115,cliente_03_padre_familia,¿Qué precio tiene la pescado?,¿qué precio tiene la pescado?,1,[]
caso_116,cliente_03_padre_familia,"Amigo, en cuanto sale el corrientazo?","amigo, cuánto cuesta el almuerzo almuerzo ejecutivo?",4,[]
caso_117,cliente_03_padre_familia,"Necesito pedir un corrientazo, vecino","necesito pedir un almuerzo almuerzo ejecutivo, vecino",3,[]
caso_118,cliente_03_padre_familia,"¿Cuánto vale la corrientazo, vecino?","¿cuánto vale la almuerzo almuerzo ejecutivo, vecino?",3,[]
caso_119,cliente_03_padre_familia,"Vecino, me regala un combo","vecino, por favor me da un combo",2,[]
caso_120,cliente_03_padre_familia,Quiero una arroz con camarón,quiero una arroz con camarón,1,[]
caso_121,cliente_04_adulta_mayor,"Mi hijito, mándeme una mojarra frita","mi hijito, mándeme una mojarra frita",1,[]
caso_122,cliente_04_adulta_mayor,"Mi hijito, quiero una pescado","mi hijito, quiero una pescado",1,[]
caso_123,cliente_04_adulta_mayor,"Mándeme una mojarra frita, señor","mándeme una mojarra frita, señor",1,[]
caso_124,cliente_04_adulta_mayor,Mándeme una cazuela,mándeme una cazuela,1,[]
caso_125,cliente_04_adulta_mayor,Quiero una combo,quiero una combo,1,[]
caso_126,cliente_04_adulta_mayor,Tienen el menú del día?,tienen el menú del día?,1,[]
caso_127,cliente_04_adulta_mayor,"Necesito pedir un combo, señor","necesito pedir un combo, señor",1,[]
caso_128,cliente_04_adulta_mayor,Me regala un arroz con camarón,por favor me da un arroz con camarón,2,[]
caso_129,cliente_04_adulta_mayor,Necesito pedir un corrientazo,necesito pedir un almuerzo almuerzo ejecutivo,3,[]
caso_130,cliente_04_adulta_mayor,"Me regala un pescado, señor","por favor me da un pescado, señor",2,[]
caso_131,cliente_04_adulta_mayor,"Mi hijito, mándeme una hamburguesa","mi hijito, mándeme una hamburguesa",1,[]
caso_132,cliente_04_adulta_mayor,"Quiero una hamburguesa, señor","quiero una hamburguesa, señor",1,[]
caso_133,cliente_04_adulta_mayor,Tienen el menú del día?,tienen el menú del día?,1,[]
caso_134,cliente_04_adulta_mayor,"Quiero una pescado, mi hijito","quiero una pescado, mi hijito",1,[]
caso_135,cliente_04_adulta_mayor,Pásame el menú,pásame el menú,1,[]
caso_136,cliente_04_adulta_mayor,Quiero una hamburguesa,quiero una hamburguesa,1,[]
caso_137,cliente_04_adulta_mayor,Quiero una cazuela,quiero una cazuela,1,[]
caso_138,cliente_04_adulta_mayor,"Señor, tienen el menú del día?","señor, tienen el menú del día?",1,[]
caso_139,cliente_04_adulta_mayor,"Señor, pásame el menú","señor, pásame el menú",1,[]
caso_140,cliente_04_adulta_mayor,"Tienen el menú del día, mi hijito?","tienen el menú del día, mi hijito?",1,[]
caso_141,cliente_04_adulta_mayor,Tienen el menú del día?,tienen el menú del día?,1,[]
caso_142,cliente_04_adulta_mayor,Necesito pedir un mojarra frita,necesito pedir un mojarra frita,1,[]
caso_143,cliente_04_adulta_mayor,Pásame el menú,pásame el menú,1,[]
caso_144,cliente_04_adulta_mayor,Necesito pedir un pescado,necesito pedir un pescado,1,[]
caso_145,cliente_04_adulta_mayor,"Quiero una ejecutivo, señor","quiero una almuerzo ejecutivo, señor",2,[]
caso_146,cliente_04_adulta_mayor,"Quiero una combo, mi hijito","quiero una combo, mi hijito",1,[]
caso_147,cliente_04_adulta_mayor,"Señor, tienen el menú del día?","señor, tienen el menú del día?",1,[]
caso_148,cliente_04_adulta_mayor,Me regala un cazuela,por favor me da un cazuela,2,[]
caso_149,cliente_04_adulta_mayor,"Señor, me mandas el menú","señor, me mandas el menú",1,[]
caso_150,cliente_04_adulta_mayor,"Envíame la carta, mi hijito","envíame la menú, mi hijito",2,[]
caso_151,cliente_04_adulta_mayor,Necesito pedir un hamburguesa,necesito pedir un hamburguesa,1,[]
caso_152,cliente_04_adulta_mayor,Envíame la carta,envíame la menú,2,[]
caso_153,cliente_04_adulta_mayor,Me mandas el menú,me mandas el menú,1,[]
caso_154,cliente_04_adulta_mayor,"Mándeme una hamburguesa, mi hijito","mándeme una hamburguesa, mi hijito",1,[]
caso_155,cliente_04_adulta_mayor,Me regala un cazuela,por favor me da un cazuela,2,[]
caso_156,cliente_04_adulta_mayor,Envíame la carta,envíame la menú,2,[]
caso_157,cliente_04_adulta_mayor,"Pásame el menú, señor","pásame el menú, señor",1,[]
caso_158,cliente_04_adulta_mayor,Me regala un combo,por favor me da un combo,2,[]
caso_159,cliente_04_adulta_mayor,"Señor, quiero una hamburguesa","señor, quiero una hamburguesa",1,[]
caso_160,cliente_04_adulta_mayor,"Mi hijito, quiero una hamburguesa","mi hijito, quiero una hamburguesa",1,[]
caso_161,cliente_05_habitual,Mándeme una cazuela,mándeme una cazuela,1,[]
caso_162,cliente_05_habitual,Quiero una hamburguesa,quiero una hamburguesa,1,[]
caso_163,cliente_05_habitual,"Vecino, quiero una ejecutivo","vecino, quiero una almuerzo ejecutivo",2,[]
caso_164,cliente_05_habitual,"Patrón, necesito pedir un arroz con camarón","patrón, necesito pedir un arroz con camarón",1,[]
caso_165,cliente_05_habitual,"Vecino, me regala un mojarra frita","vecino, por favor me da un mojarra frita",2,[]
caso_166,cliente_05_habitual,"Patrón, ¿Cuánto demora el domicilio?","patrón, ¿cuál es el tiempo de entrega el domicilio?",2,[]
caso_167,cliente_05_habitual,"Por donde viene el domiciliario, patrón?","dónde está mi pedido el domiciliario, patrón?",2,[]
caso_168,cliente_05_habitual,Cuánto se demora?,cuál es el tiempo de entrega?,2,[]
caso_169,cliente_05_habitual,¿Cuánto demora el domicilio?,¿cuál es el tiempo de entrega el domicilio?,2,[]
caso_170,cliente_05_habitual,¿Ya casi llega mi pedido?,¿dónde está mi pedido mi pedido?,2,[]
caso_171,cliente_05_habitual,Cuánto se demora?,cuál es el tiempo de entrega?,2,[]
caso_172,cliente_05_habitual,Quiero una ejecutivo,quiero una almuerzo ejecutivo,2,[]
caso_173,cliente_05_habitual,Por donde viene el domiciliario?,dónde está mi pedido el domiciliario?,2,[]
caso_174,cliente_05_habitual,Cuánto se demora?,cuál es el tiempo de entrega?,2,[]
caso_175,cliente_05_habitual,"¿Cuánto demora el domicilio, vecino?","¿cuál es el tiempo de entrega el domicilio, vecino?",2,[]
caso_176,cliente_05_habitual,"Patrón, ¿Ya casi llega mi pedido?","patrón, ¿dónde está mi pedido mi pedido?",2,[]
caso_177,cliente_05_habitual,"¿Cuánto demora el domicilio, llave?","¿cuál es el tiempo de entrega el domicilio, llave?",2,[]
caso_178,cliente_05_habitual,Mándeme una ejecutivo,mándeme una almuerzo ejecutivo,2,[]
caso_179,cliente_05_habitual,¿Cuánto demora el domicilio?,¿cuál es el tiempo de entrega el domicilio?,2,[]
caso_180,cliente_05_habitual,Necesito pedir un mojarra frita,necesito pedir un mojarra frita,1,[]
caso_181,cliente_05_habitual,Por donde viene el domiciliario?,dónde está mi pedido el domiciliario?,2,[]
caso_182,cliente_05_habitual,¿Cuánto demora el domicilio?,¿cuál es el tiempo de entrega el domicilio?,2,[]
caso_183,cliente_05_habitual,"Llave, mándeme una combo","llave, mándeme una combo",1,[]
caso_184,cliente_05_habitual,¿Cuánto demora el domicilio?,¿cuál es el tiempo de entrega el domicilio?,2,[]
caso_185,cliente_05_habitual,"Quiero una corrientazo, patrón","quiero una almuerzo almuerzo ejecutivo, patrón",3,[]
caso_186,cliente_05_habitual,"Llave, por donde viene el domiciliario?","llave, dónde está mi pedido el domiciliario?",2,[]
caso_187,cliente_05_habitual,Por donde viene el domiciliario?,dónde está mi pedido el domiciliario?,2,[]
caso_188,cliente_05_habitual,Quiero una ejecutivo,quiero una almuerzo ejecutivo,2,[]
caso_189,cliente_05_habitual,"Vecino, por donde viene el domiciliario?","vecino, dónde está mi pedido el domiciliario?",2,[]
caso_190,cliente_05_habitual,"Mándeme una ejecutivo, vecino","mándeme una almuerzo ejecutivo, vecino",2,[]
caso_191,cliente_05_habitual,"¿Cuánto demora el domicilio, llave?","¿cuál es el tiempo de entrega el domicilio, llave?",2,[]
caso_192,cliente_05_habitual,Por donde viene el domiciliario?,dónde está mi pedido el domiciliario?,2,[]
caso_193,cliente_05_habitual,Mándeme una hamburguesa,mándeme una hamburguesa,1,[]
caso_194,cliente_05_habitual,Mándeme una combo,mándeme una combo,1,[]
caso_195,cliente_05_habitual,"Vecino, ¿Ya casi llega mi pedido?","vecino, ¿dónde está mi pedido mi pedido?",2,[]
caso_196,cliente_05_habitual,"Vecino, necesito pedir un hamburguesa","vecino, necesito pedir un hamburguesa",1,[]
caso_197,cliente_05_habitual,"Me regala un cazuela, patrón","por favor me da un cazuela, patrón",2,[]
caso_198,cliente_05_habitual,"Llave, por donde viene el domiciliario?","llave, dónde está mi pedido el domiciliario?",2,[]
caso_199,cliente_05_habitual,"Patrón, por donde viene el domiciliario?","patrón, dónde está mi pedido el domiciliario?",2,[]
caso_200,cliente_05_habitual,Quiero una hamburguesa,quiero una hamburguesa,1,[]
caso_201,cliente_06_profesional,Me manda la cotiza?,me manda la cotización?,2,[]
caso_202,cliente_06_profesional,Me regala un hamburguesa,por favor me da un hamburguesa,2,[]
caso_203,cliente_06_profesional,¿Me envían factura?,¿me envían factura?,1,[]
caso_204,cliente_06_profesional,Necesito factura a nombre de la empresa,necesito factura necesito factura electrónica,2,[]
caso_205,cliente_06_profesional,Tienen el menú del día?,tienen el menú del día?,1,[]
caso_206,cliente_06_profesional,Tienen el menú del día?,tienen el menú del día?,1,[]
caso_207,cliente_06_profesional,"Estimado, necesito pedir un cazuela","estimado, necesito pedir un cazuela",1,[]
caso_208,cliente_06_profesional,Envíame la carta,envíame la menú,2,[]
caso_209,cliente_06_profesional,Me regala un hamburguesa,por favor me da un hamburguesa,2,[]
caso_210,cliente_06_profesional,"Mándeme una arroz con camarón, caballero","mándeme una arroz con camarón, caballero",1,[]
caso_211,cliente_06_profesional,Envíame la carta,envíame la menú,2,[]
caso_212,cliente_06_profesional,Pásame el menú,pásame el menú,1,[]
caso_213,cliente_06_profesional,"Estimado, tienen el menú del día?","estimado, tienen el menú del día?",1,[]
caso_214,cliente_06_profesional,¿Me envían factura?,¿me envían factura?,1,[]
caso_215,cliente_06_profesional,Envíame la carta,envíame la menú,2,[]
caso_216,cliente_06_profesional,"Me regala un pescado, caballero","por favor me da un pescado, caballero",2,[]
caso_217,cliente_06_profesional,Me mandas el menú,me mandas el menú,1,[]
caso_218,cliente_06_profesional,Me regala la cuenta,por favor me da la cuenta,2,[]
caso_219,cliente_06_profesional,"Caballero, mándeme una pescado","caballero, mándeme una pescado",1,[]
caso_220,cliente_06_profesional,Necesito factura a nombre de la empresa,necesito factura necesito factura electrónica,2,[]
caso_221,cliente_06_profesional,Pásame el menú,pásame el menú,1,[]
caso_222,cliente_06_profesional,Tienen el menú del día?,tienen el menú del día?,1,[]
caso_223,cliente_06_profesional,"Me manda la cotiza, caballero?","me manda la cotización, caballero?",2,[]
caso_224,cliente_06_profesional,"Me manda la cotiza, estimado?","me manda la cotización, estimado?",2,[]
caso_225,cliente_06_profesional,"Necesito pedir un arroz con camarón, estimado","necesito pedir un arroz con camarón, estimado",1,[]
caso_226,cliente_06_profesional,Me regala un pescado,por favor me da un pescado,2,[]
caso_227,cliente_06_profesional,¿Me envían factura?,¿me envían factura?,1,[]
caso_228,cliente_06_profesional,"Estimado, mándeme una cazuela","estimado, mándeme una cazuela",1,[]
caso_229,cliente_06_profesional,"Caballero, tienen el menú del día?","caballero, tienen el menú del día?",1,[]
caso_230,cliente_06_profesional,"Caballero, me regala un arroz con camarón","caballero, por favor me da un arroz con camarón",2,[]
caso_231,cliente_06_profesional,Mándeme una arroz con camarón,mándeme una arroz con camarón,1,[]
caso_232,cliente_06_profesional,"Caballero, pásame el menú","caballero, pásame el menú",1,[]
caso_233,cliente_06_profesional,"Me mandas el menú, estimado","me mandas el menú, estimado",1,[]
caso_234,cliente_06_profesional,"Estimado, quiero una hamburguesa","estimado, quiero una hamburguesa",1,[]
caso_235,cliente_06_profesional,Me regala un pescado,por favor me da un pescado,2,[]
caso_236,cliente_06_profesional,"Estimado, necesito factura a nombre de la empresa","estimado, necesito factura necesito factura electrónica",2,[]
caso_237,cliente_06_profesional,¿Me envían factura?,¿me envían factura?,1,[]
caso_238,cliente_06_profesional,Tienen el menú del día?,tienen el menú del día?,1,[]
caso_239,cliente_06_profesional,Me regala la cuenta,por favor me da la cuenta,2,[]
caso_240,cliente_06_profesional,Me mandas el menú,me mandas el menú,1,[]
caso_241,cliente_07_baja_alfabetizacion_digital,mándeme una hamburguesa,mándeme una hamburguesa,0,[]
caso_242,cliente_07_baja_alfabetizacion_digital,Quiero una combo,quiero una combo,1,[]
caso_243,cliente_07_baja_alfabetizacion_digital,necesito pedir un cazuela,necesito pedir un cazuela,0,[]
caso_244,cliente_07_baja_alfabetizacion_digital,"me regala un pescado, doña","por favor me da un pescado, doña",1,[]
caso_245,cliente_07_baja_alfabetizacion_digital,necesito pedir un mojarra frita,necesito pedir un mojarra frita,0,[]
caso_246,cliente_07_baja_alfabetizacion_digital,"don, ¿cuánto vale la arroz con camarón?","don, ¿cuánto vale la arroz con camarón?",0,[]
caso_247,cliente_07_baja_alfabetizacion_digital,"mano, mándeme una mojarra frita","mano, mándeme una mojarra frita",0,[]
caso_248,cliente_07_baja_alfabetizacion_digital,¿a cómo tienen el hamburguesa?,¿a cómo tienen el hamburguesa?,0,[]
caso_249,cliente_07_baja_alfabetizacion_digital,"¿cuánto vale la arroz con camarón, mano?","¿cuánto vale la arroz con camarón, mano?",0,[]
caso_250,cliente_07_baja_alfabetizacion_digital,mándeme una ejecutivo,mándeme una almuerzo ejecutivo,1,[]
caso_251,cliente_07_baja_alfabetizacion_digital,¿a cómo tienen el cazuela?,¿a cómo tienen el cazuela?,0,[]
caso_252,cliente_07_baja_alfabetizacion_digital,"¿Qué precio tiene la hamburguesa, mano?","¿qué precio tiene la hamburguesa, mano?",1,[]
caso_253,cliente_07_baja_alfabetizacion_digital,¿qué precio tiene la ejecutivo?,¿qué precio tiene la almuerzo ejecutivo?,1,[]
caso_254,cliente_07_baja_alfabetizacion_digital,quiero una hamburguesa,quiero una hamburguesa,0,[]
caso_255,cliente_07_baja_alfabetizacion_digital,¿cuánto vale la corrientazo?,¿cuánto vale la almuerzo almuerzo ejecutivo?,2,[]
caso_256,cliente_07_baja_alfabetizacion_digital,"mano, quiero una arroz con camarón","mano, quiero una arroz con camarón",0,[]
caso_257,cliente_07_baja_alfabetizacion_digital,¿a cómo tienen el arroz con camarón?,¿a cómo tienen el arroz con camarón?,0,[]
caso_258,cliente_07_baja_alfabetizacion_digital,"¿a cómo tienen el corrientazo, don?","¿a cómo tienen el almuerzo almuerzo ejecutivo, don?",2,[]
caso_259,cliente_07_baja_alfabetizacion_digital,quiero una corrientazo,quiero una almuerzo almuerzo ejecutivo,2,[]
caso_260,cliente_07_baja_alfabetizacion_digital,quiero una arroz con camarón,quiero una arroz con camarón,0,[]
caso_261,cliente_07_baja_alfabetizacion_digital,quiero una mojarra frita,quiero una mojarra frita,0,[]
caso_262,cliente_07_baja_alfabetizacion_digital,me regala un combo,por favor me da un combo,1,[]
caso_263,cliente_07_baja_alfabetizacion_digital,"mándeme una ejecutivo, doña","mándeme una almuerzo ejecutivo, doña",1,[]
caso_264,cliente_07_baja_alfabetizacion_digital,mándeme una pescado,mándeme una pescado,0,[]
caso_265,cliente_07_baja_alfabetizacion_digital,"doña, necesito pedir un combo","doña, necesito pedir un combo",0,[]
caso_266,cliente_07_baja_alfabetizacion_digital,"don, ¿qué precio tiene la pescado?","don, ¿qué precio tiene la pescado?",0,[]
caso_267,cliente_07_baja_alfabetizacion_digital,me regala un arroz con camarón,por favor me da un arroz con camarón,1,[]
caso_268,cliente_07_baja_alfabetizacion_digital,"doña, en cuanto sale el pescado?","doña, cuánto cuesta el pescado?",1,[]
caso_269,cliente_07_baja_alfabetizacion_digital,"Don, me regala un ejecutivo","don, por favor me da un almuerzo ejecutivo",3,[]
caso_270,cliente_07_baja_alfabetizacion_digital,"doña, necesito pedir un mojarra frita","doña, necesito pedir un mojarra frita",0,[]
caso_271,cliente_07_baja_alfabetizacion_digital,"don, necesito pedir un mojarra frita","don, necesito pedir un mojarra frita",0,[]
caso_272,cliente_07_baja_alfabetizacion_digital,en cuanto sale el pescado?,cuánto cuesta el pescado?,1,[]
caso_273,cliente_07_baja_alfabetizacion_digital,en cuanto sale el hamburguesa?,cuánto cuesta el hamburguesa?,1,[]
caso_274,cliente_07_baja_alfabetizacion_digital,"don, en cuanto sale el mojarra frita?","don, cuánto cuesta el mojarra frita?",1,[]
caso_275,cliente_07_baja_alfabetizacion_digital,"mano, me regala un arroz con camarón","mano, por favor me da un arroz con camarón",1,[]
caso_276,cliente_07_baja_alfabetizacion_digital,necesito pedir un pescado,necesito pedir un pescado,0,[]
caso_277,cliente_07_baja_alfabetizacion_digital,"en cuanto sale el corrientazo, mano?","cuánto cuesta el almuerzo almuerzo ejecutivo, mano?",3,[]
caso_278,cliente_07_baja_alfabetizacion_digital,¿cuánto vale la pescado?,¿cuánto vale la pescado?,0,[]
caso_279,cliente_07_baja_alfabetizacion_digital,me regala un ejecutivo,por favor me da un almuerzo ejecutivo,2,[]
caso_280,cliente_07_baja_alfabetizacion_digital,"don, en cuanto sale el hamburguesa?","don, cuánto cuesta el hamburguesa?",1,[]
caso_281,cliente_08_adolescente,"mándeme una mojarra frita, papi","mándeme una mojarra frita, papi",0,[]
caso_282,cliente_08_adolescente,"¿Tienen Daviplata, perro?","¿tienen daviplata, perro?",1,[]
caso_283,cliente_08_adolescente,"Papi, necesito pedir un pescado","papi, necesito pedir un pescado",1,[]
caso_284,cliente_08_adolescente,"¿Tienen Daviplata, perro?","¿tienen daviplata, perro?",1,[]
caso_285,cliente_08_adolescente,necesito pedir un corrientazo,necesito pedir un almuerzo almuerzo ejecutivo,2,[]
caso_286,cliente_08_adolescente,¿puedo pagar con tarjeta?,¿puedo pagar con tarjeta?,0,[]
caso_287,cliente_08_adolescente,¿tienen daviplata?,¿tienen daviplata?,0,[]
caso_288,cliente_08_adolescente,"necesito pedir un arroz con camarón, papi","necesito pedir un arroz con camarón, papi",0,[]
caso_289,cliente_08_adolescente,"mor, me regala un mojarra frita","mor, por favor me da un mojarra frita",1,[]
caso_290,cliente_08_adolescente,"Mor, ¿qué almuerzo tienen barato?","mor, ¿qué almuerzo tienen barato?",1,[]
caso_291,cliente_08_adolescente,"¿Tienen Daviplata, papi?","¿tienen daviplata, papi?",1,[]
caso_292,cliente_08_adolescente,tienen corrientazo?,tienen almuerzo almuerzo ejecutivo?,2,[]
caso_293,cliente_08_adolescente,"Perro, necesito pedir un mojarra frita","perro, necesito pedir un mojarra frita",1,[]
caso_294,cliente_08_adolescente,"se puede pagar con transferencia, mor?","puedo pagar con transferencia, mor?",1,[]
caso_295,cliente_08_adolescente,mándeme una corrientazo,mándeme una almuerzo almuerzo ejecutivo,2,[]
caso_296,cliente_08_adolescente,"mor, me regala un arroz con camarón","mor, por favor me da un arroz con camarón",1,[]
caso_297,cliente_08_adolescente,"papi, algo por menos de 10 mil pesos?","papi, algo por menos de 10 mil pesos?",0,[]
caso_298,cliente_08_adolescente,¿tienen daviplata?,¿tienen daviplata?,0,[]
caso_299,cliente_08_adolescente,"¿qué almuerzo tienen barato, papi?","¿qué almuerzo tienen barato, papi?",0,[]
caso_300,cliente_08_adolescente,necesito pedir un cazuela,necesito pedir un cazuela,0,[]
caso_301,cliente_08_adolescente,"tienen corrientazo, perro?","tienen almuerzo almuerzo ejecutivo, perro?",2,[]
caso_302,cliente_08_adolescente,"Mor, me regala un ejecutivo","mor, por favor me da un almuerzo ejecutivo",3,[]
caso_303,cliente_08_adolescente,"¿qué almuerzo tienen barato, papi?","¿qué almuerzo tienen barato, papi?",0,[]
caso_304,cliente_08_adolescente,"tienen corrientazo, bro?","tienen almuerzo almuerzo ejecutivo, bro?",2,[]
caso_305,cliente_08_adolescente,"mor, tienen corrientazo?","mor, tienen almuerzo almuerzo ejecutivo?",2,[]
caso_306,cliente_08_adolescente,"Bro, ¿qué almuerzo tienen barato?","bro, ¿qué almuerzo tienen barato?",1,[]
caso_307,cliente_08_adolescente,¿reciben nequi?,¿reciben nequi?,0,[]
caso_308,cliente_08_adolescente,Mándeme una hamburguesa,mándeme una hamburguesa,1,[]
caso_309,cliente_08_adolescente,"¿reciben nequi, bro?","¿reciben nequi, bro?",0,[]
caso_310,cliente_08_adolescente,"me regala un mojarra frita, perro","por favor me da un mojarra frita, perro",1,[]
caso_311,cliente_08_adolescente,"Perro, ¿Puedo pagar con tarjeta?","perro, ¿puedo pagar con tarjeta?",1,[]
caso_312,cliente_08_adolescente,"papi, ¿qué almuerzo tienen barato?","papi, ¿qué almuerzo tienen barato?",0,[]
caso_313,cliente_08_adolescente,"quiero una ejecutivo, mor","quiero una almuerzo ejecutivo, mor",1,[]
caso_314,cliente_08_adolescente,"algo por menos de 15 mil, perro?","algo por menos de 15 mil, perro?",0,[]
caso_315,cliente_08_adolescente,"Mor, qué puedo pedir con 15 mil?","mor, qué puedo pedir con 15 mil?",1,[]
caso_316,cliente_08_adolescente,Me regala un combo,por favor me da un combo,2,[]
caso_317,cliente_08_adolescente,"mor, mándeme una hamburguesa","mor, mándeme una hamburguesa",0,[]
caso_318,cliente_08_adolescente,¿Puedo pagar con tarjeta?,¿puedo pagar con tarjeta?,1,[]
caso_319,cliente_08_adolescente,"mor, mándeme una combo","mor, mándeme una combo",0,[]
caso_320,cliente_08_adolescente,"¿tienen daviplata, bro?","¿tienen daviplata, bro?",0,[]
caso_321,cliente_09_restricciones,Opciones sin carne?,opciones sin carne?,1,[]
caso_322,cliente_09_restricciones,Necesito pedir un mojarra frita,necesito pedir un mojarra frita,1,[]
caso_323,cliente_09_restricciones,Pásame el menú,pásame el menú,1,[]
caso_324,cliente_09_restricciones,"Me regala un hamburguesa, hola","por favor me da un hamburguesa, hola",2,[]
caso_325,cliente_09_restricciones,"Necesito pedir un hamburguesa, hola","necesito pedir un hamburguesa, hola",1,[]
caso_326,cliente_09_restricciones,"Necesito pedir un ejecutivo, hola","necesito pedir un almuerzo ejecutivo, hola",2,[]
caso_327,cliente_09_restricciones,"Hola, opciones sin carne?","hola, opciones sin carne?",1,[]
caso_328,cliente_09_restricciones,"Tienen platos keto, hola?","tienen platos keto, hola?",1,[]
caso_329,cliente_09_restricciones,"Tienen el menú del día, hola?","tienen el menú del día, hola?",1,[]
caso_330,cliente_09_restricciones,Me regala un mojarra frita,por favor me da un mojarra frita,2,[]
caso_331,cliente_09_restricciones,Pásame el menú,pásame el menú,1,[]
caso_332,cliente_09_restricciones,Envíame la carta,envíame la menú,2,[]
caso_333,cliente_09_restricciones,Tienen platos keto?,tienen platos keto?,1,[]
caso_334,cliente_09_restricciones,¿Tienen algo vegetariano?,¿tienen algo vegetariano?,1,[]
caso_335,cliente_09_restricciones,Me mandas el menú,me mandas el menú,1,[]
caso_336,cliente_09_restricciones,¿Tienen algo vegetariano?,¿tienen algo vegetariano?,1,[]
caso_337,cliente_09_restricciones,"El menú es sin tacc, hola?","el menú es sin gluten, hola?",2,[]
caso_338,cliente_09_restricciones,Me regala un ejecutivo,por favor me da un almuerzo ejecutivo,3,[]
caso_339,cliente_09_restricciones,"Hola, pásame el menú","hola, pásame el menú",1,[]
caso_340,cliente_09_restricciones,Pásame el menú,pásame el menú,1,[]
caso_341,cliente_09_restricciones,Me mandas el menú,me mandas el menú,1,[]
caso_342,cliente_09_restricciones,Tienen platos keto?,tienen platos keto?,1,[]
caso_343,cliente_09_restricciones,"Hola, me mandas el menú","hola, me mandas el menú",1,[]
caso_344,cliente_09_restricciones,Tienen platos keto?,tienen platos keto?,1,[]
caso_345,cliente_09_restricciones,Envíame la carta,envíame la menú,2,[]
caso_346,cliente_09_restricciones,¿Tienen algo vegetariano?,¿tienen algo vegetariano?,1,[]
caso_347,cliente_09_restricciones,Me regala un cazuela,por favor me da un cazuela,2,[]
caso_348,cliente_09_restricciones,"Quiero una corrientazo, hola","quiero una almuerzo almuerzo ejecutivo, hola",3,[]
caso_349,cliente_09_restricciones,Mándeme una arroz con camarón,mándeme una arroz con camarón,1,[]
caso_350,cliente_09_restricciones,Me mandas el menú,me mandas el menú,1,[]
caso_351,cliente_09_restricciones,"Hola, me regala un combo","hola, por favor me da un combo",2,[]
caso_352,cliente_09_restricciones,"Hola, el menú es sin tacc?","hola, el menú es sin gluten?",2,[]
caso_353,cliente_09_restricciones,Mándeme una combo,mándeme una combo,1,[]
caso_354,cliente_09_restricciones,"Hola, el menú es sin tacc?","hola, el menú es sin gluten?",2,[]
caso_355,cliente_09_restricciones,Opciones sin carne?,opciones sin carne?,1,[]
caso_356,cliente_09_restricciones,"Hola, el menú es sin tacc?","hola, el menú es sin gluten?",2,[]
caso_357,cliente_09_restricciones,Mándeme una corrientazo,mándeme una almuerzo almuerzo ejecutivo,3,[]
caso_358,cliente_09_restricciones,Necesito pedir un ejecutivo,necesito pedir un almuerzo ejecutivo,2,[]
caso_359,cliente_09_restricciones,Quiero una arroz con camarón,quiero una arroz con camarón,1,[]
caso_360,cliente_09_restricciones,"Necesito pedir un combo, hola","necesito pedir un combo, hola",1,[]
caso_361,cliente_10_administrativo,¿Puedo pagar con tarjeta?,¿puedo pagar con tarjeta?,1,[]
caso_362,cliente_10_administrativo,Me manda la cotiza?,me manda la cotización?,2,[]
caso_363,cliente_10_administrativo,"Mándeme una ejecutivo, estimada","mándeme una almuerzo ejecutivo, estimada",2,[]
caso_364,cliente_10_administrativo,Quiero una ejecutivo,quiero una almuerzo ejecutivo,2,[]
caso_365,cliente_10_administrativo,Me manda la cotiza?,me manda la cotización?,2,[]
caso_366,cliente_10_administrativo,"Doc, me manda la cotiza?","doc, me manda la cotización?",2,[]
caso_367,cliente_10_administrativo,Me manda la cotiza?,me manda la cotización?,2,[]
caso_368,cliente_10_administrativo,Mándeme una combo,mándeme una combo,1,[]
caso_369,cliente_10_administrativo,¿Reciben Nequi?,¿reciben nequi?,1,[]
caso_370,cliente_10_administrativo,"Estimada, ¿Me envían factura?","estimada, ¿me envían factura?",1,[]
caso_371,cliente_10_administrativo,"Necesito factura a nombre de la empresa, estimada","necesito factura necesito factura electrónica, estimada",2,[]
caso_372,cliente_10_administrativo,"Estimada, ¿Puedo pagar con tarjeta?","estimada, ¿puedo pagar con tarjeta?",1,[]
caso_373,cliente_10_administrativo,"¿Me envían factura, estimada?","¿me envían factura, estimada?",1,[]
caso_374,cliente_10_administrativo,"Se puede pagar con transferencia, señorita?","puedo pagar con transferencia, señorita?",2,[]
caso_375,cliente_10_administrativo,"Quiero una corrientazo, doc","quiero una almuerzo almuerzo ejecutivo, doc",3,[]
caso_376,cliente_10_administrativo,"Doc, ¿Reciben Nequi?","doc, ¿reciben nequi?",1,[]
caso_377,cliente_10_administrativo,Se puede pagar con transferencia?,puedo pagar con transferencia?,2,[]
caso_378,cliente_10_administrativo,Me manda la cotiza?,me manda la cotización?,2,[]
caso_379,cliente_10_administrativo,Me manda la cotiza?,me manda la cotización?,2,[]
caso_380,cliente_10_administrativo,"Doc, me regala la cuenta","doc, por favor me da la cuenta",2,[]
caso_381,cliente_10_administrativo,Quiero una corrientazo,quiero una almuerzo almuerzo ejecutivo,3,[]
caso_382,cliente_10_administrativo,"Estimada, mándeme una combo","estimada, mándeme una combo",1,[]
caso_383,cliente_10_administrativo,"Estimada, me regala la cuenta","estimada, por favor me da la cuenta",2,[]
caso_384,cliente_10_administrativo,"Me regala la cuenta, estimada","por favor me da la cuenta, estimada",2,[]
caso_385,cliente_10_administrativo,"Doc, me regala un pescado","doc, por favor me da un pescado",2,[]
caso_386,cliente_10_administrativo,Me regala la cuenta,por favor me da la cuenta,2,[]
caso_387,cliente_10_administrativo,"Doc, me regala un ejecutivo","doc, por favor me da un almuerzo ejecutivo",3,[]
caso_388,cliente_10_administrativo,"Se puede pagar con transferencia, estimada?","puedo pagar con transferencia, estimada?",2,[]
caso_389,cliente_10_administrativo,"Señorita, me regala la cuenta","señorita, por favor me da la cuenta",2,[]
caso_390,cliente_10_administrativo,Mándeme una cazuela,mándeme una cazuela,1,[]
caso_391,cliente_10_administrativo,"Quiero una pescado, estimada","quiero una pescado, estimada",1,[]
caso_392,cliente_10_administrativo,"Me regala la cuenta, estimada","por favor me da la cuenta, estimada",2,[]
caso_393,cliente_10_administrativo,"Doc, quiero una ejecutivo","doc, quiero una almuerzo ejecutivo",2,[]
caso_394,cliente_10_administrativo,Se puede pagar con transferencia?,puedo pagar con transferencia?,2,[]
caso_395,cliente_10_administrativo,Me regala la cuenta,por favor me da la cuenta,2,[]
caso_396,cliente_10_administrativo,Necesito pedir un corrientazo,necesito pedir un almuerzo almuerzo ejecutivo,3,[]
caso_397,cliente_10_administrativo,Quiero una corrientazo,quiero una almuerzo almuerzo ejecutivo,3,[]
caso_398,cliente_10_administrativo,"Doc, necesito factura a nombre de la empresa","doc, necesito factura necesito factura electrónica",2,[]
caso_399,cliente_10_administrativo,"¿Tienen Daviplata, estimada?","¿tienen daviplata, estimada?",1,[]
caso_400,cliente_10_administrativo,Me manda la cotiza?,me manda la cotización?,2,[]
