caso_id,mensaje,intencion_esperada,subintencion_esperada,intencion_resuelta,subintencion_resuelta,confianza,estado,requiere_aclaracion_esperado,requiere_aclaracion_resuelto,intencion_correcta,subintencion_correcta,aclaracion_correcta,reglas_aplicadas,candidatos,error
caso_001,"Parce, ¿qué almuerzo tienen barato?",precio,solicitar_recomendacion_por_presupuesto,precio,solicitar_recomendacion_por_presupuesto,0.5345729929321927,resolved,False,False,True,True,True,"[""PRIORITY_BUDGET""]","[{""intent"": ""precio"", ""subintent"": ""solicitar_recomendacion_por_presupuesto"", ""score"": 0.52, ""priority"": 95, ""reasons"": [{""source"": ""PriorityRule"", ""weight"": 0.52, ""detail"": ""budget_recommendation""}]}, {""intent"": ""catalogo"", ""subintent"": ""consultar_producto"", ""score"": 0.096, ""priority"": 70, ""reasons"": [{""source"": ""Lemma:catalog_fallback"", ""weight"": 0.096, ""detail"": ""tener""}]}]",
caso_002,¿Hay ejecutivo hoy?,catalogo,consultar_categoria,catalogo,consultar_categoria,0.1981229603383441,resolved,False,False,True,True,True,[],"[{""intent"": ""catalogo"", ""subintent"": ""consultar_categoria"", ""score"": 0.18, ""priority"": 70, ""reasons"": [{""source"": ""PhraseMatcher"", ""weight"": 0.18, ""detail"": ""CATEGORIA:almuerzos_ejecutivos""}]}, {""intent"": ""catalogo"", ""subintent"": ""consultar_producto"", ""score"": 0.096, ""priority"": 70, ""reasons"": [{""source"": ""Lemma:catalog_fallback"", ""weight"": 0.096, ""detail"": ""haber""}]}]",
caso_003,¿Qué puedo pedir con veinte lucas?,precio,solicitar_recomendacion_por_presupuesto,precio,solicitar_recomendacion_por_presupuesto,0.9112560480508004,resolved,False,False,True,True,True,"[""PRIORITY_BUDGET""]","[{""intent"": ""precio"", ""subintent"": ""solicitar_recomendacion_por_presupuesto"", ""score"": 1.68, ""priority"": 95, ""reasons"": [{""source"": ""Matcher"", ""weight"": 0.58, ""detail"": ""PRICE_BUDGET""}, {""source"": ""Matcher"", ""weight"": 0.58, ""detail"": ""PRICE_BUDGET""}, {""source"": ""PriorityRule"", ""weight"": 0.52, ""detail"": ""budget_recommendation""}]}, {""intent"": ""pedido"", ""subintent"": ""indicar_cantidad"", ""score"": 0.38, ""priority"": 90, ""reasons"": [{""source"": ""Matcher"", ""weight"": 0.38, ""detail"": ""QUANTITY_ONLY""}]}, {""intent"": ""pedido"", ""subintent"": ""iniciar_pedido"", ""score"": 0.192, ""priority"": 90, ""reasons"": [{""source"": ""Lemma:catalog_fallback"", ""weight"": 0.192, ""detail"": ""pedir""}]}]",
caso_004,¿Reciben Nequi?,pago,consultar_medio_pago,pago,consultar_medio_pago,0.9092820467105875,resolved,False,False,True,True,True,[],"[{""intent"": ""pago"", ""subintent"": ""consultar_medio_pago"", ""score"": 1.5, ""priority"": 75, ""reasons"": [{""source"": ""Matcher"", ""weight"": 0.55, ""detail"": ""PAYMENT_QUERY""}, {""source"": ""Matcher"", ""weight"": 0.55, ""detail"": ""PAYMENT_QUERY""}, {""source"": ""Lemma:catalog_fallback"", ""weight"": 0.12, ""detail"": ""aceptar""}, {""source"": ""PhraseMatcher"", ""weight"": 0.28, ""detail"": ""MEDIO_PAGO:nequi""}]}]",
caso_005,¿El domi cuánto vale?,domicilio,consultar_domicilio,domicilio,consultar_domicilio,0.9438090743262926,resolved,False,False,True,True,True,[],"[{""intent"": ""domicilio"", ""subintent"": ""consultar_domicilio"", ""score"": 2.04, ""priority"": 75, ""reasons"": [{""source"": ""Matcher"", ""weight"": 0.54, ""detail"": ""DELIVERY_QUERY""}, {""source"": ""Matcher"", ""weight"": 0.54, ""detail"": ""DELIVERY_QUERY""}, {""source"": ""Matcher"", ""weight"": 0.54, ""detail"": ""DELIVERY_QUERY""}, {""source"": ""Lemma:catalog_fallback"", ""weight"": 0.16, ""detail"": ""domicilio""}, {""source"": ""PhraseMatcher"", ""weight"": 0.26, ""detail"": ""SERVICIO:domicilio""}]}, {""intent"": ""menu"", ""subintent"": ""solicitar_menu"", ""score"": 0.55, ""priority"": 80, ""reasons"": [{""source"": ""Matcher"", ""weight"": 0.55, ""detail"": ""MENU_REQUEST""}]}, {""intent"": ""precio"", ""subintent"": ""consultar_precio_producto"", ""score"": 0.176, ""priority"": 95, ""reasons"": [{""source"": ""Lemma:catalog_fallback"", ""weight"": 0.176, ""detail"": ""valer""}]}]",
caso_006,Pásame el menú,menu,solicitar_menu,menu,solicitar_menu,0.5954581148969813,resolved,False,False,True,True,True,[],"[{""intent"": ""menu"", ""subintent"": ""solicitar_menu"", ""score"": 0.85, ""priority"": 80, ""reasons"": [{""source"": ""Matcher"", ""weight"": 0.55, ""detail"": ""MENU_REQUEST""}, {""source"": ""PhraseMatcher"", ""weight"": 0.3, ""detail"": ""SERVICIO:menu_pdf""}]}, {""intent"": ""menu"", ""subintent"": ""reenviar_menu"", ""score"": 0.65, ""priority"": 80, ""reasons"": [{""source"": ""Matcher"", ""weight"": 0.65, ""detail"": ""MENU_RETRY""}]}, {""intent"": ""domicilio"", ""subintent"": ""consultar_domicilio"", ""score"": 0.54, ""priority"": 75, ""reasons"": [{""source"": ""Matcher"", ""weight"": 0.54, ""detail"": ""DELIVERY_QUERY""}]}]",
caso_007,Pásame el menú,menu,solicitar_menu,menu,solicitar_menu,0.5954581148969813,resolved,False,False,True,True,True,[],"[{""intent"": ""menu"", ""subintent"": ""solicitar_menu"", ""score"": 0.85, ""priority"": 80, ""reasons"": [{""source"": ""Matcher"", ""weight"": 0.55, ""detail"": ""MENU_REQUEST""}, {""source"": ""PhraseMatcher"", ""weight"": 0.3, ""detail"": ""SERVICIO:menu_pdf""}]}, {""intent"": ""menu"", ""subintent"": ""reenviar_menu"", ""score"": 0.65, ""priority"": 80, ""reasons"": [{""source"": ""Matcher"", ""weight"": 0.65, ""detail"": ""MENU_RETRY""}]}, {""intent"": ""domicilio"", ""subintent"": ""consultar_domicilio"", ""score"": 0.54, ""priority"": 75, ""reasons"": [{""source"": ""Matcher"", ""weight"": 0.54, ""detail"": ""DELIVERY_QUERY""}]}]",
caso_008,Mándamelo otra vez,menu,reenviar_menu,menu,reenviar_menu,0.99,resolved,False,False,True,True,True,"[""PRIORITY_MENU_REENVIO""]","[{""intent"": ""menu"", ""subintent"": ""reenviar_menu"", ""score"": 4.48, ""priority"": 80, ""reasons"": [{""source"": ""Matcher"", ""weight"": 0.65, ""detail"": ""MENU_RETRY""}, {""source"": ""Matcher"", ""weight"": 0.65, ""detail"": ""MENU_RETRY""}, {""source"": ""Matcher"", ""weight"": 0.65, ""detail"": ""MENU_RETRY""}, {""source"": ""Matcher"", ""weight"": 0.65, ""detail"": ""MENU_RETRY""}, {""source"": ""Matcher"", ""weight"": 0.65, ""detail"": ""MENU_RETRY""}, {""source"": ""Matcher"", ""weight"": 0.65, ""detail"": ""MENU_RETRY""}, {""source"": ""PriorityRule"", ""weight"": 0.58, ""detail"": ""explicit_again_with_menu_history""}]}]",
caso_009,¿Cuánto vale la mojarra frita?,precio,consultar_precio_producto,precio,consultar_precio_producto,0.9335695670540188,resolved,False,False,True,True,True,"[""PRIORITY_PRICE_OVER_WANT""]","[{""intent"": ""precio"", ""subintent"": ""consultar_precio_producto"", ""score"": 1.756, ""priority"": 95, ""reasons"": [{""source"": ""Matcher"", ""weight"": 0.55, ""detail"": ""PRICE_Q_WH""}, {""source"": ""Matcher"", ""weight"": 0.55, ""detail"": ""PRICE_Q_WH""}, {""source"": ""Lemma:catalog_fallback"", ""weight"": 0.176, ""detail"": ""valer""}, {""source"": ""PriorityRule"", ""weight"": 0.48, ""detail"": ""explicit_price_with_product""}]}, {""intent"": ""catalogo"", ""subintent"": ""consultar_producto"", ""score"": 0.14, ""priority"": 70, ""reasons"": [{""source"": ""PhraseMatcher"", ""weight"": 0.14, ""detail"": ""PRODUCTO_ESPECIFICO:mojarra_frita""}]}, {""intent"": ""catalogo"", ""subintent"": ""consultar_preparacion"", ""score"": 0.1, ""priority"": 70, ""reasons"": [{""source"": ""PhraseMatcher"", ""weight"": 0.1, ""detail"": ""PREPARACION:frito""}]}]",
caso_010,¿Qué arroces tienen?,catalogo,consultar_categoria,catalogo,consultar_categoria,0.8381038178324495,resolved,False,False,True,True,True,[],"[{""intent"": ""catalogo"", ""subintent"": ""consultar_categoria"", ""score"": 1.18, ""priority"": 70, ""reasons"": [{""source"": ""Matcher"", ""weight"": 0.5, ""detail"": ""CATEGORY_QUERY""}, {""source"": ""Matcher"", ""weight"": 0.5, ""detail"": ""CATEGORY_QUERY""}, {""source"": ""PhraseMatcher"", ""weight"": 0.18, ""detail"": ""CATEGORIA:arroces""}]}, {""intent"": ""catalogo"", ""subintent"": ""consultar_producto"", ""score"": 0.096, ""priority"": 70, ""reasons"": [{""source"": ""Lemma:catalog_fallback"", ""weight"": 0.096, ""detail"": ""tener""}]}]",
caso_011,¿Hay algo con camarón que no sea tan caro?,recomendacion,solicitar_recomendacion,catalogo,consultar_producto,0.1858413253712382,ambiguous,False,True,False,False,False,[],"[{""intent"": ""catalogo"", ""subintent"": ""consultar_producto"", ""score"": 0.216, ""priority"": 70, ""reasons"": [{""source"": ""Lemma:catalog_fallback"", ""weight"": 0.096, ""detail"": ""haber""}, {""source"": ""PhraseMatcher"", ""weight"": 0.12, ""detail"": ""PRODUCTO_BASE:camaron""}]}, {""intent"": ""seguridad_alimentaria"", ""subintent"": ""consultar_alergenos"", ""score"": 0.2, ""priority"": 100, ""reasons"": [{""source"": ""PhraseMatcher"", ""weight"": 0.2, ""detail"": ""ALERGENO:crustaceos""}]}]",
caso_012,Quiero una mojarra,pedido,iniciar_pedido,pedido,iniciar_pedido,0.6312365878288526,resolved,True,False,True,True,False,[],"[{""intent"": ""pedido"", ""subintent"": ""iniciar_pedido"", ""score"": 0.676, ""priority"": 90, ""reasons"": [{""source"": ""Matcher"", ""weight"": 0.58, ""detail"": ""ORDER_WANT_PRODUCT""}, {""source"": ""Lemma:catalog_fallback"", ""weight"": 0.096, ""detail"": ""querer""}]}, {""intent"": ""catalogo"", ""subintent"": ""consultar_producto"", ""score"": 0.12, ""priority"": 70, ""reasons"": [{""source"": ""PhraseMatcher"", ""weight"": 0.12, ""detail"": ""PRODUCTO_BASE:mojarra""}]}]",
caso_013,Una frita,pedido,seleccionar_preparacion,pedido,indicar_cantidad,0.3774927474323133,resolved,False,False,True,False,True,"[""CTX_CANTIDAD_PRODUCTO""]","[{""intent"": ""pedido"", ""subintent"": ""indicar_cantidad"", ""score"": 0.34, ""priority"": 90, ""reasons"": [{""source"": ""Context"", ""weight"": 0.34, ""detail"": ""cantidad_con_producto_activo""}]}, {""intent"": ""catalogo"", ""subintent"": ""consultar_preparacion"", ""score"": 0.1, ""priority"": 70, ""reasons"": [{""source"": ""PhraseMatcher"", ""weight"": 0.1, ""detail"": ""PREPARACION:frito""}]}]",
caso_014,¿El arroz con camarón viene con bebida?,catalogo,consultar_detalle_producto,seguridad_alimentaria,consultar_alergenos,0.19908463566534085,ambiguous,False,True,False,False,False,[],"[{""intent"": ""seguridad_alimentaria"", ""subintent"": ""consultar_alergenos"", ""score"": 0.2, ""priority"": 100, ""reasons"": [{""source"": ""PhraseMatcher"", ""weight"": 0.2, ""detail"": ""ALERGENO:crustaceos""}]}, {""intent"": ""catalogo"", ""subintent"": ""consultar_producto"", ""score"": 0.14, ""priority"": 70, ""reasons"": [{""source"": ""PhraseMatcher"", ""weight"": 0.14, ""detail"": ""PRODUCTO_ESPECIFICO:arroz_con_camaron""}]}, {""intent"": ""catalogo"", ""subintent"": ""consultar_detalle_producto"", ""score"": 0.06, ""priority"": 70, ""reasons"": [{""source"": ""PhraseMatcher"", ""weight"": 0.06, ""detail"": ""INGREDIENTE:arroz""}]}]",
caso_015,¿Atienden hoy?,horario_ubicacion,consultar_horario,horario_ubicacion,consultar_horario,0.8106200567331674,resolved,False,False,True,True,True,[],"[{""intent"": ""horario_ubicacion"", ""subintent"": ""consultar_horario"", ""score"": 1.04, ""priority"": 60, ""reasons"": [{""source"": ""Matcher"", ""weight"": 0.52, ""detail"": ""SCHEDULE_QUERY""}, {""source"": ""Matcher"", ""weight"": 0.52, ""detail"": ""SCHEDULE_QUERY""}]}]",
caso_016,¿Hasta dónde llega el domicilio?,domicilio,consultar_domicilio,domicilio,consultar_domicilio,0.6836797091247008,resolved,False,False,True,True,True,[],"[{""intent"": ""domicilio"", ""subintent"": ""consultar_domicilio"", ""score"": 0.96, ""priority"": 75, ""reasons"": [{""source"": ""Matcher"", ""weight"": 0.54, ""detail"": ""DELIVERY_QUERY""}, {""source"": ""Lemma:catalog_fallback"", ""weight"": 0.16, ""detail"": ""domicilio""}, {""source"": ""PhraseMatcher"", ""weight"": 0.26, ""detail"": ""SERVICIO:domicilio""}]}, {""intent"": ""menu"", ""subintent"": ""solicitar_menu"", ""score"": 0.55, ""priority"": 80, ""reasons"": [{""source"": ""Matcher"", ""weight"": 0.55, ""detail"": ""MENU_REQUEST""}]}, {""intent"": ""horario_ubicacion"", ""subintent"": ""consultar_ubicacion"", ""score"": 0.5, ""priority"": 60, ""reasons"": [{""source"": ""Matcher"", ""weight"": 0.5, ""detail"": ""LOCATION_QUERY""}]}]",
caso_017,¿Se puede pagar cuando llegue?,pago,consultar_medio_pago,,,0.0,unknown,True,True,False,False,True,[],"[{""intent"": ""pago"", ""subintent"": ""consultar_medio_pago"", ""score"": 0.16, ""priority"": 75, ""reasons"": [{""source"": ""Lemma:catalog_fallback"", ""weight"": 0.16, ""detail"": ""pagar""}]}]",
caso_018,¿Qué plato llena más?,recomendacion,solicitar_recomendacion,,,0.0,unknown,False,True,False,False,False,[],[],
caso_019,¿Tienen ceviche pequeño?,catalogo,consultar_producto,catalogo,consultar_disponibilidad_producto,0.49378813915408803,resolved,True,False,True,False,False,[],"[{""intent"": ""catalogo"", ""subintent"": ""consultar_disponibilidad_producto"", ""score"": 0.52, ""priority"": 70, ""reasons"": [{""source"": ""Matcher"", ""weight"": 0.52, ""detail"": ""AVAILABILITY_PRODUCT""}]}, {""intent"": ""catalogo"", ""subintent"": ""consultar_producto"", ""score"": 0.216, ""priority"": 70, ""reasons"": [{""source"": ""Lemma:catalog_fallback"", ""weight"": 0.096, ""detail"": ""tener""}, {""source"": ""PhraseMatcher"", ""weight"": 0.12, ""detail"": ""PRODUCTO_BASE:ceviche""}]}]",
caso_020,"Gracias, era eso",social,agradecer,social,agradecer,0.7777605778285596,resolved,False,False,True,True,True,[],"[{""intent"": ""social"", ""subintent"": ""agradecer"", ""score"": 0.94, ""priority"": 10, ""reasons"": [{""source"": ""Matcher"", ""weight"": 0.7, ""detail"": ""THANKS""}, {""source"": ""Lemma:catalog_fallback"", ""weight"": 0.24, ""detail"": ""agradecer""}]}]",
caso_021,¿Qué menú ejecutivo tienen hoy?,catalogo,consultar_categoria,menu,solicitar_menu,0.5954581148969813,resolved,False,False,False,False,True,[],"[{""intent"": ""menu"", ""subintent"": ""solicitar_menu"", ""score"": 0.85, ""priority"": 80, ""reasons"": [{""source"": ""Matcher"", ""weight"": 0.55, ""detail"": ""MENU_REQUEST""}, {""source"": ""PhraseMatcher"", ""weight"": 0.3, ""detail"": ""SERVICIO:menu_pdf""}]}, {""intent"": ""menu"", ""subintent"": ""reenviar_menu"", ""score"": 0.65, ""priority"": 80, ""reasons"": [{""source"": ""Matcher"", ""weight"": 0.65, ""detail"": ""MENU_RETRY""}]}, {""intent"": ""domicilio"", ""subintent"": ""consultar_domicilio"", ""score"": 0.54, ""priority"": 75, ""reasons"": [{""source"": ""Matcher"", ""weight"": 0.54, ""detail"": ""DELIVERY_QUERY""}]}, {""intent"": ""catalogo"", ""subintent"": ""consultar_categoria"", ""score"": 0.18, ""priority"": 70, ""reasons"": [{""source"": ""PhraseMatcher"", ""weight"": 0.18, ""detail"": ""CATEGORIA:almuerzos_ejecutivos""}]}, {""intent"": ""catalogo"", ""subintent"": ""consultar_producto"", ""score"": 0.096, ""priority"": 70, ""reasons"": [{""source"": ""Lemma:catalog_fallback"", ""weight"": 0.096, ""detail"": ""tener""}]}]",
caso_022,Necesito pedir para tres personas.,pedido,iniciar_pedido_grupal,pedido,indicar_cantidad,0.37724369472406527,needs_clarification,True,True,True,False,True,[],"[{""intent"": ""pedido"", ""subintent"": ""indicar_cantidad"", ""score"": 0.38, ""priority"": 90, ""reasons"": [{""source"": ""Matcher"", ""weight"": 0.38, ""detail"": ""QUANTITY_ONLY""}]}, {""intent"": ""pedido"", ""subintent"": ""iniciar_pedido"", ""score"": 0.192, ""priority"": 90, ""reasons"": [{""source"": ""Lemma:catalog_fallback"", ""weight"": 0.192, ""detail"": ""pedir""}]}]",
caso_023,¿Cuánto demora el domicilio a Ciudad Montes?,domicilio,consultar_domicilio,domicilio,consultar_domicilio,0.8999414735805661,resolved,False,False,True,True,True,[],"[{""intent"": ""domicilio"", ""subintent"": ""consultar_domicilio"", ""score"": 1.92, ""priority"": 75, ""reasons"": [{""source"": ""Matcher"", ""weight"": 0.54, ""detail"": ""DELIVERY_QUERY""}, {""source"": ""Matcher"", ""weight"": 0.54, ""detail"": ""DELIVERY_QUERY""}, {""source"": ""Lemma:catalog_fallback"", ""weight"": 0.16, ""detail"": ""domicilio""}, {""source"": ""Lemma:catalog_fallback"", ""weight"": 0.16, ""detail"": ""domicilio""}, {""source"": ""PhraseMatcher"", ""weight"": 0.26, ""detail"": ""SERVICIO:domicilio""}, {""source"": ""PhraseMatcher"", ""weight"": 0.26, ""detail"": ""SERVICIO:domicilio""}]}, {""intent"": ""menu"", ""subintent"": ""solicitar_menu"", ""score"": 1.1, ""priority"": 80, ""reasons"": [{""source"": ""Matcher"", ""weight"": 0.55, ""detail"": ""MENU_REQUEST""}, {""source"": ""Matcher"", ""weight"": 0.55, ""detail"": ""MENU_REQUEST""}]}]",
caso_024,¿Me envían factura?,operacion,consultar_facturacion,menu,solicitar_menu,0.3946811893537757,ambiguous,True,True,False,False,True,[],"[{""intent"": ""menu"", ""subintent"": ""solicitar_menu"", ""score"": 0.55, ""priority"": 80, ""reasons"": [{""source"": ""Matcher"", ""weight"": 0.55, ""detail"": ""MENU_REQUEST""}]}, {""intent"": ""domicilio"", ""subintent"": ""consultar_domicilio"", ""score"": 0.54, ""priority"": 75, ""reasons"": [{""source"": ""Matcher"", ""weight"": 0.54, ""detail"": ""DELIVERY_QUERY""}]}, {""intent"": ""operacion"", ""subintent"": ""consultar_facturacion"", ""score"": 0.452, ""priority"": 55, ""reasons"": [{""source"": ""Lemma:catalog_fallback"", ""weight"": 0.192, ""detail"": ""facturar""}, {""source"": ""PhraseMatcher"", ""weight"": 0.26, ""detail"": ""SERVICIO:factura_electronica""}]}]",
caso_025,¿Puedo pagar con tarjeta?,pago,consultar_medio_pago,,,0.0,unknown,False,True,False,False,False,[],"[{""intent"": ""pago"", ""subintent"": ""consultar_medio_pago"", ""score"": 0.16, ""priority"": 75, ""reasons"": [{""source"": ""Lemma:catalog_fallback"", ""weight"": 0.16, ""detail"": ""pagar""}]}]",
caso_026,Envíame la carta en PDF.,menu,solicitar_menu,menu,solicitar_menu,0.6703751205409771,resolved,False,False,True,True,True,[],"[{""intent"": ""menu"", ""subintent"": ""solicitar_menu"", ""score"": 0.978, ""priority"": 80, ""reasons"": [{""source"": ""Matcher"", ""weight"": 0.55, ""detail"": ""MENU_REQUEST""}, {""source"": ""Lemma:catalog_fallback"", ""weight"": 0.128, ""detail"": ""enviar""}, {""source"": ""PhraseMatcher"", ""weight"": 0.3, ""detail"": ""SERVICIO:menu_pdf""}]}, {""intent"": ""menu"", ""subintent"": ""reenviar_menu"", ""score"": 0.65, ""priority"": 80, ""reasons"": [{""source"": ""Matcher"", ""weight"": 0.65, ""detail"": ""MENU_RETRY""}]}, {""intent"": ""domicilio"", ""subintent"": ""consultar_domicilio"", ""score"": 0.54, ""priority"": 75, ""reasons"": [{""source"": ""Matcher"", ""weight"": 0.54, ""detail"": ""DELIVERY_QUERY""}]}]",
caso_028,"Sí, reenvíala.",menu,reenviar_menu,menu,reenviar_menu,0.30120649830508706,resolved,False,False,True,True,True,[],"[{""intent"": ""menu"", ""subintent"": ""reenviar_menu"", ""score"": 0.224, ""priority"": 80, ""reasons"": [{""source"": ""Lemma:catalog_fallback"", ""weight"": 0.224, ""detail"": ""reenviar""}]}]",
caso_029,¿Qué trae la cazuela mixta?,catalogo,consultar_detalle_producto,catalogo,consultar_detalle_producto,0.5044068743073485,resolved,False,False,True,True,True,[],"[{""intent"": ""catalogo"", ""subintent"": ""consultar_detalle_producto"", ""score"": 0.5, ""priority"": 70, ""reasons"": [{""source"": ""Matcher"", ""weight"": 0.5, ""detail"": ""PRODUCT_DETAIL_WHAT_HAS""}]}, {""intent"": ""catalogo"", ""subintent"": ""consultar_producto"", ""score"": 0.14, ""priority"": 70, ""reasons"": [{""source"": ""PhraseMatcher"", ""weight"": 0.14, ""detail"": ""PRODUCTO_ESPECIFICO:cazuela_mixta""}]}]",
caso_031,Quiero dos arroces con camarón y una cazuela.,pedido,agregar_productos_pedido,pedido,indicar_cantidad,0.3559635789168587,needs_clarification,True,True,True,False,True,[],"[{""intent"": ""pedido"", ""subintent"": ""indicar_cantidad"", ""score"": 0.38, ""priority"": 90, ""reasons"": [{""source"": ""Matcher"", ""weight"": 0.38, ""detail"": ""QUANTITY_ONLY""}]}, {""intent"": ""catalogo"", ""subintent"": ""consultar_producto"", ""score"": 0.24, ""priority"": 70, ""reasons"": [{""source"": ""PhraseMatcher"", ""weight"": 0.12, ""detail"": ""PRODUCTO_BASE:camaron""}, {""source"": ""PhraseMatcher"", ""weight"": 0.12, ""detail"": ""PRODUCTO_BASE:cazuela""}]}, {""intent"": ""seguridad_alimentaria"", ""subintent"": ""consultar_alergenos"", ""score"": 0.2, ""priority"": 100, ""reasons"": [{""source"": ""PhraseMatcher"", ""weight"": 0.2, ""detail"": ""ALERGENO:crustaceos""}]}, {""intent"": ""catalogo"", ""subintent"": ""consultar_categoria"", ""score"": 0.18, ""priority"": 70, ""reasons"": [{""source"": ""PhraseMatcher"", ""weight"": 0.18, ""detail"": ""CATEGORIA:arroces""}]}, {""intent"": ""pedido"", ""subintent"": ""iniciar_pedido"", ""score"": 0.096, ""priority"": 90, ""reasons"": [{""source"": ""Lemma:catalog_fallback"", ""weight"": 0.096, ""detail"": ""querer""}]}]",
caso_032,¿Pueden llegar a la una en punto?,operacion,consultar_pedido_programado,,,0.0,unknown,True,True,False,False,True,[],[],
caso_033,¿Cuál plato sale más rápido?,recomendacion,solicitar_recomendacion,,,0.0,unknown,True,True,False,False,True,[],[],
caso_034,¿La trucha a la plancha está disponible?,catalogo,consultar_disponibilidad_producto,,,0.0,unknown,False,True,False,False,False,[],"[{""intent"": ""catalogo"", ""subintent"": ""consultar_producto"", ""score"": 0.14, ""priority"": 70, ""reasons"": [{""source"": ""PhraseMatcher"", ""weight"": 0.14, ""detail"": ""PRODUCTO_ESPECIFICO:trucha_a_la_plancha""}]}, {""intent"": ""catalogo"", ""subintent"": ""consultar_preparacion"", ""score"": 0.1, ""priority"": 70, ""reasons"": [{""source"": ""PhraseMatcher"", ""weight"": 0.1, ""detail"": ""PREPARACION:a_la_plancha""}]}]",
caso_036,¿Me separan cada pedido?,operacion,consultar_empaque,reserva_evento,solicitar_reserva,0.16939422914932978,ambiguous,True,True,False,False,True,[],"[{""intent"": ""reserva_evento"", ""subintent"": ""solicitar_reserva"", ""score"": 0.2, ""priority"": 75, ""reasons"": [{""source"": ""Lemma:catalog_fallback"", ""weight"": 0.2, ""detail"": ""reservar""}]}, {""intent"": ""pedido"", ""subintent"": ""iniciar_pedido"", ""score"": 0.192, ""priority"": 90, ""reasons"": [{""source"": ""Lemma:catalog_fallback"", ""weight"": 0.192, ""detail"": ""pedir""}]}]",
caso_037,¿Dónde quedan exactamente?,horario_ubicacion,consultar_ubicacion,horario_ubicacion,consultar_ubicacion,0.8396505848205628,resolved,False,False,True,True,True,[],"[{""intent"": ""horario_ubicacion"", ""subintent"": ""consultar_ubicacion"", ""score"": 1.144, ""priority"": 60, ""reasons"": [{""source"": ""Matcher"", ""weight"": 0.5, ""detail"": ""LOCATION_QUERY""}, {""source"": ""Matcher"", ""weight"": 0.5, ""detail"": ""LOCATION_QUERY""}, {""source"": ""Lemma:catalog_fallback"", ""weight"": 0.144, ""detail"": ""quedar""}]}]",
caso_038,¿Tienen parqueadero?,horario_ubicacion,consultar_parqueadero,menu,solicitar_menu,0.3946811893537757,ambiguous,False,True,False,False,False,[],"[{""intent"": ""menu"", ""subintent"": ""solicitar_menu"", ""score"": 0.55, ""priority"": 80, ""reasons"": [{""source"": ""Matcher"", ""weight"": 0.55, ""detail"": ""MENU_REQUEST""}]}, {""intent"": ""domicilio"", ""subintent"": ""consultar_domicilio"", ""score"": 0.54, ""priority"": 75, ""reasons"": [{""source"": ""Matcher"", ""weight"": 0.54, ""detail"": ""DELIVERY_QUERY""}]}, {""intent"": ""horario_ubicacion"", ""subintent"": ""consultar_parqueadero"", ""score"": 0.24, ""priority"": 60, ""reasons"": [{""source"": ""PhraseMatcher"", ""weight"": 0.24, ""detail"": ""SERVICIO:parqueadero""}]}, {""intent"": ""catalogo"", ""subintent"": ""consultar_producto"", ""score"": 0.096, ""priority"": 70, ""reasons"": [{""source"": ""Lemma:catalog_fallback"", ""weight"": 0.096, ""detail"": ""tener""}]}]",
caso_040,"Perfecto, muchas gracias.",social,agradecer,social,agradecer,0.7777605778285596,resolved,False,False,True,True,True,[],"[{""intent"": ""social"", ""subintent"": ""agradecer"", ""score"": 0.94, ""priority"": 10, ""reasons"": [{""source"": ""Matcher"", ""weight"": 0.7, ""detail"": ""THANKS""}, {""source"": ""Lemma:catalog_fallback"", ""weight"": 0.24, ""detail"": ""agradecer""}]}]",
caso_042,¿La mojarra tiene muchas espinas?,catalogo,consultar_detalle_producto,catalogo,consultar_producto,0.2922044512901092,resolved,True,False,True,False,False,[],"[{""intent"": ""catalogo"", ""subintent"": ""consultar_producto"", ""score"": 0.216, ""priority"": 70, ""reasons"": [{""source"": ""Lemma:catalog_fallback"", ""weight"": 0.096, ""detail"": ""tener""}, {""source"": ""PhraseMatcher"", ""weight"": 0.12, ""detail"": ""PRODUCTO_BASE:mojarra""}]}]",
caso_045,¿Tienen parqueadero?,horario_ubicacion,consultar_parqueadero,menu,solicitar_menu,0.3946811893537757,ambiguous,False,True,False,False,False,[],"[{""intent"": ""menu"", ""subintent"": ""solicitar_menu"", ""score"": 0.55, ""priority"": 80, ""reasons"": [{""source"": ""Matcher"", ""weight"": 0.55, ""detail"": ""MENU_REQUEST""}]}, {""intent"": ""domicilio"", ""subintent"": ""consultar_domicilio"", ""score"": 0.54, ""priority"": 75, ""reasons"": [{""source"": ""Matcher"", ""weight"": 0.54, ""detail"": ""DELIVERY_QUERY""}]}, {""intent"": ""horario_ubicacion"", ""subintent"": ""consultar_parqueadero"", ""score"": 0.24, ""priority"": 60, ""reasons"": [{""source"": ""PhraseMatcher"", ""weight"": 0.24, ""detail"": ""SERVICIO:parqueadero""}]}, {""intent"": ""catalogo"", ""subintent"": ""consultar_producto"", ""score"": 0.096, ""priority"": 70, ""reasons"": [{""source"": ""Lemma:catalog_fallback"", ""weight"": 0.096, ""detail"": ""tener""}]}]",
caso_048,"Vuelva y me lo manda, por favor.",menu,reenviar_menu,,,0.0,unknown,False,True,False,False,False,[],"[{""intent"": ""menu"", ""subintent"": ""solicitar_menu"", ""score"": 0.128, ""priority"": 80, ""reasons"": [{""source"": ""Lemma:catalog_fallback"", ""weight"": 0.128, ""detail"": ""enviar""}]}]",
caso_049,¿Cuánto cuesta el salmón?,precio,consultar_precio_producto,precio,consultar_precio_producto,0.8420694658640162,resolved,False,False,True,True,True,"[""PRIORITY_PRICE_OVER_WANT""]","[{""intent"": ""precio"", ""subintent"": ""consultar_precio_producto"", ""score"": 1.206, ""priority"": 95, ""reasons"": [{""source"": ""Matcher"", ""weight"": 0.55, ""detail"": ""PRICE_Q_WH""}, {""source"": ""Lemma:catalog_fallback"", ""weight"": 0.176, ""detail"": ""costar""}, {""source"": ""PriorityRule"", ""weight"": 0.48, ""detail"": ""explicit_price_with_product""}]}, {""intent"": ""catalogo"", ""subintent"": ""consultar_producto"", ""score"": 0.12, ""priority"": 70, ""reasons"": [{""source"": ""PhraseMatcher"", ""weight"": 0.12, ""detail"": ""PRODUCTO_BASE:salmon""}]}]",
caso_052,¿Tienen menú infantil?,operacion,consultar_servicio,menu,solicitar_menu,0.9695600686120281,resolved,False,False,False,False,True,[],"[{""intent"": ""menu"", ""subintent"": ""solicitar_menu"", ""score"": 3.6, ""priority"": 80, ""reasons"": [{""source"": ""Matcher"", ""weight"": 0.55, ""detail"": ""MENU_REQUEST""}, {""source"": ""Matcher"", ""weight"": 0.55, ""detail"": ""MENU_REQUEST""}, {""source"": ""Matcher"", ""weight"": 0.55, ""detail"": ""MENU_REQUEST""}, {""source"": ""Matcher"", ""weight"": 0.55, ""detail"": ""MENU_REQUEST""}, {""source"": ""Matcher"", ""weight"": 0.55, ""detail"": ""MENU_REQUEST""}, {""source"": ""Matcher"", ""weight"": 0.55, ""detail"": ""MENU_REQUEST""}, {""source"": ""PhraseMatcher"", ""weight"": 0.3, ""detail"": ""SERVICIO:menu_pdf""}]}, {""intent"": ""domicilio"", ""subintent"": ""consultar_domicilio"", ""score"": 3.24, ""priority"": 75, ""reasons"": [{""source"": ""Matcher"", ""weight"": 0.54, ""detail"": ""DELIVERY_QUERY""}, {""source"": ""Matcher"", ""weight"": 0.54, ""detail"": ""DELIVERY_QUERY""}, {""source"": ""Matcher"", ""weight"": 0.54, ""detail"": ""DELIVERY_QUERY""}, {""source"": ""Matcher"", ""weight"": 0.54, ""detail"": ""DELIVERY_QUERY""}, {""source"": ""Matcher"", ""weight"": 0.54, ""detail"": ""DELIVERY_QUERY""}, {""source"": ""Matcher"", ""weight"": 0.54, ""detail"": ""DELIVERY_QUERY""}]}, {""intent"": ""menu"", ""subintent"": ""reenviar_menu"", ""score"": 1.3, ""priority"": 80, ""reasons"": [{""source"": ""Matcher"", ""weight"": 0.65, ""detail"": ""MENU_RETRY""}, {""source"": ""Matcher"", ""weight"": 0.65, ""detail"": ""MENU_RETRY""}]}, {""intent"": ""operacion"", ""subintent"": ""consultar_servicio"", ""score"": 0.22, ""priority"": 55, ""reasons"": [{""source"": ""PhraseMatcher"", ""weight"": 0.22, ""detail"": ""SERVICIO:menu_infantil""}]}, {""intent"": ""catalogo"", ""subintent"": ""consultar_producto"", ""score"": 0.096, ""priority"": 70, ""reasons"": [{""source"": ""Lemma:catalog_fallback"", ""weight"": 0.096, ""detail"": ""tener""}]}]",
caso_055,¿Puedo reservar una mesa para cinco?,reserva_evento,solicitar_reserva,reserva_evento,solicitar_reserva,0.6254387732242702,resolved,True,False,True,True,False,[],"[{""intent"": ""reserva_evento"", ""subintent"": ""solicitar_reserva"", ""score"": 0.78, ""priority"": 75, ""reasons"": [{""source"": ""Matcher"", ""weight"": 0.58, ""detail"": ""RESERVATION_REQUEST""}, {""source"": ""Lemma:catalog_fallback"", ""weight"": 0.2, ""detail"": ""reservar""}]}, {""intent"": ""pedido"", ""subintent"": ""indicar_cantidad"", ""score"": 0.38, ""priority"": 90, ""reasons"": [{""source"": ""Matcher"", ""weight"": 0.38, ""detail"": ""QUANTITY_ONLY""}]}]",
caso_056,¿La reserva cuesta?,reserva_evento,consultar_reserva,reserva_evento,solicitar_reserva,0.7126343981874044,resolved,False,False,True,False,True,[],"[{""intent"": ""reserva_evento"", ""subintent"": ""solicitar_reserva"", ""score"": 1.02, ""priority"": 75, ""reasons"": [{""source"": ""Matcher"", ""weight"": 0.58, ""detail"": ""RESERVATION_REQUEST""}, {""source"": ""Lemma:catalog_fallback"", ""weight"": 0.2, ""detail"": ""reservar""}, {""source"": ""PhraseMatcher"", ""weight"": 0.24, ""detail"": ""SERVICIO:reserva""}]}, {""intent"": ""menu"", ""subintent"": ""solicitar_menu"", ""score"": 0.55, ""priority"": 80, ""reasons"": [{""source"": ""Matcher"", ""weight"": 0.55, ""detail"": ""MENU_REQUEST""}]}, {""intent"": ""domicilio"", ""subintent"": ""consultar_domicilio"", ""score"": 0.54, ""priority"": 75, ""reasons"": [{""source"": ""Matcher"", ""weight"": 0.54, ""detail"": ""DELIVERY_QUERY""}]}, {""intent"": ""precio"", ""subintent"": ""consultar_precio_producto"", ""score"": 0.176, ""priority"": 95, ""reasons"": [{""source"": ""Lemma:catalog_fallback"", ""weight"": 0.176, ""detail"": ""costar""}]}]",
caso_057,¿Abren el domingo?,horario_ubicacion,consultar_horario,horario_ubicacion,consultar_horario,0.6716253182029597,resolved,False,False,True,True,True,[],"[{""intent"": ""horario_ubicacion"", ""subintent"": ""consultar_horario"", ""score"": 0.696, ""priority"": 60, ""reasons"": [{""source"": ""Matcher"", ""weight"": 0.52, ""detail"": ""SCHEDULE_QUERY""}, {""source"": ""Lemma:catalog_fallback"", ""weight"": 0.176, ""detail"": ""abrir""}]}]",
caso_059,Quiero una cazuela para compartir.,pedido,iniciar_pedido,pedido,iniciar_pedido,0.6312365878288526,resolved,True,False,True,True,False,[],"[{""intent"": ""pedido"", ""subintent"": ""iniciar_pedido"", ""score"": 0.676, ""priority"": 90, ""reasons"": [{""source"": ""Matcher"", ""weight"": 0.58, ""detail"": ""ORDER_WANT_PRODUCT""}, {""source"": ""Lemma:catalog_fallback"", ""weight"": 0.096, ""detail"": ""querer""}]}, {""intent"": ""catalogo"", ""subintent"": ""consultar_producto"", ""score"": 0.12, ""priority"": 70, ""reasons"": [{""source"": ""PhraseMatcher"", ""weight"": 0.12, ""detail"": ""PRODUCTO_BASE:cazuela""}]}]",
caso_060,"Listo, gracias por la información.",social,agradecer,social,agradecer,0.7777605778285596,resolved,False,False,True,True,True,[],"[{""intent"": ""social"", ""subintent"": ""agradecer"", ""score"": 0.94, ""priority"": 10, ""reasons"": [{""source"": ""Matcher"", ""weight"": 0.7, ""detail"": ""THANKS""}, {""source"": ""Lemma:catalog_fallback"", ""weight"": 0.24, ""detail"": ""agradecer""}]}]",
caso_062,¿Cuál preparan sin apanado?,catalogo,consultar_preparacion,pedido,solicitar_modificacion,0.8075656072059925,resolved,False,False,False,False,True,"[""PRIORITY_NEGATION_MODIFICATION""]","[{""intent"": ""pedido"", ""subintent"": ""solicitar_modificacion"", ""score"": 1.1, ""priority"": 90, ""reasons"": [{""source"": ""Matcher"", ""weight"": 0.62, ""detail"": ""MODIFICATION_REMOVE""}, {""source"": ""PriorityRule"", ""weight"": 0.48, ""detail"": ""negation_modification""}]}, {""intent"": ""catalogo"", ""subintent"": ""consultar_preparacion_producto"", ""score"": 0.16, ""priority"": 70, ""reasons"": [{""source"": ""Lemma:catalog_fallback"", ""weight"": 0.16, ""detail"": ""preparar""}]}, {""intent"": ""catalogo"", ""subintent"": ""consultar_preparacion"", ""score"": 0.1, ""priority"": 70, ""reasons"": [{""source"": ""PhraseMatcher"", ""weight"": 0.1, ""detail"": ""PREPARACION:sin_apanar""}]}]",
caso_063,¿Tienen algo a la plancha?,catalogo,consultar_preparacion,,,0.0,unknown,False,True,False,False,False,[],"[{""intent"": ""catalogo"", ""subintent"": ""consultar_preparacion"", ""score"": 0.1, ""priority"": 70, ""reasons"": [{""source"": ""PhraseMatcher"", ""weight"": 0.1, ""detail"": ""PREPARACION:a_la_plancha""}]}, {""intent"": ""catalogo"", ""subintent"": ""consultar_producto"", ""score"": 0.096, ""priority"": 70, ""reasons"": [{""source"": ""Lemma:catalog_fallback"", ""weight"": 0.096, ""detail"": ""tener""}]}]",
caso_065,¿Ustedes abren el domingo?,horario_ubicacion,consultar_horario,horario_ubicacion,consultar_horario,0.6716253182029597,resolved,False,False,True,True,True,[],"[{""intent"": ""horario_ubicacion"", ""subintent"": ""consultar_horario"", ""score"": 0.696, ""priority"": 60, ""reasons"": [{""source"": ""Matcher"", ""weight"": 0.52, ""detail"": ""SCHEDULE_QUERY""}, {""source"": ""Lemma:catalog_fallback"", ""weight"": 0.176, ""detail"": ""abrir""}]}]",
caso_069,¿Cuánto vale el bagre en salsa?,precio,consultar_precio_producto,precio,consultar_precio_producto,0.972445791598398,resolved,False,False,True,True,True,"[""PRIORITY_PRICE_OVER_WANT""]","[{""intent"": ""precio"", ""subintent"": ""consultar_precio_producto"", ""score"": 2.306, ""priority"": 95, ""reasons"": [{""source"": ""Matcher"", ""weight"": 0.55, ""detail"": ""PRICE_Q_WH""}, {""source"": ""Matcher"", ""weight"": 0.55, ""detail"": ""PRICE_Q_WH""}, {""source"": ""Matcher"", ""weight"": 0.55, ""detail"": ""PRICE_Q_WH""}, {""source"": ""Lemma:catalog_fallback"", ""weight"": 0.176, ""detail"": ""valer""}, {""source"": ""PriorityRule"", ""weight"": 0.48, ""detail"": ""explicit_price_with_product""}]}, {""intent"": ""catalogo"", ""subintent"": ""consultar_producto"", ""score"": 0.14, ""priority"": 70, ""reasons"": [{""source"": ""PhraseMatcher"", ""weight"": 0.14, ""detail"": ""PRODUCTO_ESPECIFICO:bagre_en_salsa""}]}, {""intent"": ""catalogo"", ""subintent"": ""consultar_preparacion"", ""score"": 0.1, ""priority"": 70, ""reasons"": [{""source"": ""PhraseMatcher"", ""weight"": 0.1, ""detail"": ""PREPARACION:en_salsa""}]}, {""intent"": ""catalogo"", ""subintent"": ""consultar_detalle_producto"", ""score"": 0.06, ""priority"": 70, ""reasons"": [{""source"": ""PhraseMatcher"", ""weight"": 0.06, ""detail"": ""INGREDIENTE:salsa""}]}]",
caso_071,¿La trucha la hacen al vapor?,catalogo,consultar_preparacion_producto,,,0.0,unknown,False,True,False,False,False,[],"[{""intent"": ""catalogo"", ""subintent"": ""consultar_producto"", ""score"": 0.12, ""priority"": 70, ""reasons"": [{""source"": ""PhraseMatcher"", ""weight"": 0.12, ""detail"": ""PRODUCTO_BASE:trucha""}]}, {""intent"": ""catalogo"", ""subintent"": ""consultar_preparacion"", ""score"": 0.1, ""priority"": 70, ""reasons"": [{""source"": ""PhraseMatcher"", ""weight"": 0.1, ""detail"": ""PREPARACION:al_vapor""}]}]",
caso_072,¿Qué es a la marinera?,catalogo,consultar_definicion_preparacion,,,0.0,unknown,False,True,False,False,False,[],"[{""intent"": ""catalogo"", ""subintent"": ""consultar_preparacion"", ""score"": 0.1, ""priority"": 70, ""reasons"": [{""source"": ""PhraseMatcher"", ""weight"": 0.1, ""detail"": ""PREPARACION:a_la_marinera""}]}]",
caso_073,"¿Cuál es más suave, el bagre o la trucha?",catalogo,comparar_productos,catalogo,consultar_producto,0.3188685728204529,resolved,True,False,True,False,False,[],"[{""intent"": ""catalogo"", ""subintent"": ""consultar_producto"", ""score"": 0.24, ""priority"": 70, ""reasons"": [{""source"": ""PhraseMatcher"", ""weight"": 0.12, ""detail"": ""PRODUCTO_BASE:bagre""}, {""source"": ""PhraseMatcher"", ""weight"": 0.12, ""detail"": ""PRODUCTO_BASE:trucha""}]}]",
caso_074,¿Puedo pedir sin ajo?,pedido,solicitar_modificacion,pedido,solicitar_modificacion,0.8032064363639148,resolved,True,False,True,True,False,"[""PRIORITY_NEGATION_MODIFICATION""]","[{""intent"": ""pedido"", ""subintent"": ""solicitar_modificacion"", ""score"": 1.1, ""priority"": 90, ""reasons"": [{""source"": ""Matcher"", ""weight"": 0.62, ""detail"": ""MODIFICATION_REMOVE""}, {""source"": ""PriorityRule"", ""weight"": 0.48, ""detail"": ""negation_modification""}]}, {""intent"": ""pedido"", ""subintent"": ""iniciar_pedido"", ""score"": 0.192, ""priority"": 90, ""reasons"": [{""source"": ""Lemma:catalog_fallback"", ""weight"": 0.192, ""detail"": ""pedir""}]}, {""intent"": ""catalogo"", ""subintent"": ""consultar_detalle_producto"", ""score"": 0.06, ""priority"": 70, ""reasons"": [{""source"": ""PhraseMatcher"", ""weight"": 0.06, ""detail"": ""INGREDIENTE:ajo""}]}]",
caso_077,¿Dónde están ubicados?,horario_ubicacion,consultar_ubicacion,horario_ubicacion,consultar_ubicacion,0.8396505848205628,resolved,False,False,True,True,True,[],"[{""intent"": ""horario_ubicacion"", ""subintent"": ""consultar_ubicacion"", ""score"": 1.144, ""priority"": 60, ""reasons"": [{""source"": ""Matcher"", ""weight"": 0.5, ""detail"": ""LOCATION_QUERY""}, {""source"": ""Matcher"", ""weight"": 0.5, ""detail"": ""LOCATION_QUERY""}, {""source"": ""Lemma:catalog_fallback"", ""weight"": 0.144, ""detail"": ""quedar""}]}]",
caso_078,Quiero reservar para el domingo al mediodía.,reserva_evento,solicitar_reserva,reserva_evento,solicitar_reserva,0.8786164606806354,resolved,True,False,True,True,False,[],"[{""intent"": ""reserva_evento"", ""subintent"": ""solicitar_reserva"", ""score"": 1.36, ""priority"": 75, ""reasons"": [{""source"": ""Matcher"", ""weight"": 0.58, ""detail"": ""RESERVATION_REQUEST""}, {""source"": ""Matcher"", ""weight"": 0.58, ""detail"": ""RESERVATION_REQUEST""}, {""source"": ""Lemma:catalog_fallback"", ""weight"": 0.2, ""detail"": ""reservar""}]}, {""intent"": ""pedido"", ""subintent"": ""iniciar_pedido"", ""score"": 0.096, ""priority"": 90, ""reasons"": [{""source"": ""Lemma:catalog_fallback"", ""weight"": 0.096, ""detail"": ""querer""}]}]",
caso_079,¿Tienen baño para clientes?,horario_ubicacion,consultar_instalacion,,,0.0,unknown,True,True,False,False,True,[],"[{""intent"": ""catalogo"", ""subintent"": ""consultar_producto"", ""score"": 0.096, ""priority"": 70, ""reasons"": [{""source"": ""Lemma:catalog_fallback"", ""weight"": 0.096, ""detail"": ""tener""}]}]",
caso_081,¿Hoy sí tienen mapará?,catalogo,consultar_disponibilidad_producto,catalogo,consultar_disponibilidad_producto,0.49378813915408803,resolved,False,False,True,True,True,[],"[{""intent"": ""catalogo"", ""subintent"": ""consultar_disponibilidad_producto"", ""score"": 0.52, ""priority"": 70, ""reasons"": [{""source"": ""Matcher"", ""weight"": 0.52, ""detail"": ""AVAILABILITY_PRODUCT""}]}, {""intent"": ""catalogo"", ""subintent"": ""consultar_producto"", ""score"": 0.216, ""priority"": 70, ""reasons"": [{""source"": ""Lemma:catalog_fallback"", ""weight"": 0.096, ""detail"": ""tener""}, {""source"": ""PhraseMatcher"", ""weight"": 0.12, ""detail"": ""PRODUCTO_BASE:mapara""}]}]",
caso_082,Deme el mismo de la vez pasada.,pedido,repetir_pedido,menu,reenviar_menu,0.6465453180412198,resolved,True,False,False,False,False,[],"[{""intent"": ""menu"", ""subintent"": ""reenviar_menu"", ""score"": 0.65, ""priority"": 80, ""reasons"": [{""source"": ""Matcher"", ""weight"": 0.65, ""detail"": ""MENU_RETRY""}]}]",
caso_084,¿Me lo manda para la misma dirección?,domicilio,usar_direccion_previa,,,0.0,unknown,True,True,False,False,True,[],"[{""intent"": ""menu"", ""subintent"": ""solicitar_menu"", ""score"": 0.128, ""priority"": 80, ""reasons"": [{""source"": ""Lemma:catalog_fallback"", ""weight"": 0.128, ""detail"": ""enviar""}]}]",
caso_091,Mándeme dos mojarras fritas.,pedido,agregar_productos_pedido,pedido,indicar_cantidad,0.4555613417607829,needs_clarification,True,True,True,False,True,[],"[{""intent"": ""pedido"", ""subintent"": ""indicar_cantidad"", ""score"": 0.38, ""priority"": 90, ""reasons"": [{""source"": ""Matcher"", ""weight"": 0.38, ""detail"": ""QUANTITY_ONLY""}]}]",
caso_092,"La de siempre, pero sin salsa.",pedido,solicitar_modificacion,pedido,solicitar_modificacion,0.8205753614215137,resolved,True,False,True,True,False,"[""PRIORITY_NEGATION_MODIFICATION""]","[{""intent"": ""pedido"", ""subintent"": ""solicitar_modificacion"", ""score"": 1.1, ""priority"": 90, ""reasons"": [{""source"": ""Matcher"", ""weight"": 0.62, ""detail"": ""MODIFICATION_REMOVE""}, {""source"": ""PriorityRule"", ""weight"": 0.48, ""detail"": ""negation_modification""}]}, {""intent"": ""catalogo"", ""subintent"": ""consultar_detalle_producto"", ""score"": 0.06, ""priority"": 70, ""reasons"": [{""source"": ""PhraseMatcher"", ""weight"": 0.06, ""detail"": ""INGREDIENTE:salsa""}]}]",
caso_095,¿Hay sancocho de bagre?,catalogo,consultar_disponibilidad_producto,catalogo,consultar_disponibilidad_producto,0.9027820583818007,resolved,False,False,True,True,True,[],"[{""intent"": ""catalogo"", ""subintent"": ""consultar_disponibilidad_producto"", ""score"": 1.56, ""priority"": 70, ""reasons"": [{""source"": ""Matcher"", ""weight"": 0.52, ""detail"": ""AVAILABILITY_PRODUCT""}, {""source"": ""Matcher"", ""weight"": 0.52, ""detail"": ""AVAILABILITY_PRODUCT""}, {""source"": ""Matcher"", ""weight"": 0.52, ""detail"": ""AVAILABILITY_PRODUCT""}]}, {""intent"": ""catalogo"", ""subintent"": ""consultar_producto"", ""score"": 0.236, ""priority"": 70, ""reasons"": [{""source"": ""Lemma:catalog_fallback"", ""weight"": 0.096, ""detail"": ""haber""}, {""source"": ""PhraseMatcher"", ""weight"": 0.14, ""detail"": ""PRODUCTO_ESPECIFICO:sancocho_de_bagre""}]}]",
caso_096,¿Me reserva la mesa de siempre?,reserva_evento,solicitar_reserva,reserva_evento,solicitar_reserva,0.7126343981874044,resolved,True,False,True,True,False,[],"[{""intent"": ""reserva_evento"", ""subintent"": ""solicitar_reserva"", ""score"": 1.02, ""priority"": 75, ""reasons"": [{""source"": ""Matcher"", ""weight"": 0.58, ""detail"": ""RESERVATION_REQUEST""}, {""source"": ""Lemma:catalog_fallback"", ""weight"": 0.2, ""detail"": ""reservar""}, {""source"": ""PhraseMatcher"", ""weight"": 0.24, ""detail"": ""SERVICIO:reserva""}]}, {""intent"": ""menu"", ""subintent"": ""solicitar_menu"", ""score"": 0.55, ""priority"": 80, ""reasons"": [{""source"": ""Matcher"", ""weight"": 0.55, ""detail"": ""MENU_REQUEST""}]}, {""intent"": ""domicilio"", ""subintent"": ""consultar_domicilio"", ""score"": 0.54, ""priority"": 75, ""reasons"": [{""source"": ""Matcher"", ""weight"": 0.54, ""detail"": ""DELIVERY_QUERY""}]}]",
caso_097,¿Qué cambió del menú?,menu,consultar_cambios_menu,menu,solicitar_menu,0.5954581148969813,resolved,False,False,True,False,True,[],"[{""intent"": ""menu"", ""subintent"": ""solicitar_menu"", ""score"": 0.85, ""priority"": 80, ""reasons"": [{""source"": ""Matcher"", ""weight"": 0.55, ""detail"": ""MENU_REQUEST""}, {""source"": ""PhraseMatcher"", ""weight"": 0.3, ""detail"": ""SERVICIO:menu_pdf""}]}, {""intent"": ""menu"", ""subintent"": ""reenviar_menu"", ""score"": 0.65, ""priority"": 80, ""reasons"": [{""source"": ""Matcher"", ""weight"": 0.65, ""detail"": ""MENU_RETRY""}]}, {""intent"": ""domicilio"", ""subintent"": ""consultar_domicilio"", ""score"": 0.54, ""priority"": 75, ""reasons"": [{""source"": ""Matcher"", ""weight"": 0.54, ""detail"": ""DELIVERY_QUERY""}]}]",
caso_098,¿La dirección es la misma?,horario_ubicacion,consultar_ubicacion,,,0.0,unknown,False,True,False,False,False,[],[],
caso_099,Anote un arroz con camarón.,pedido,agregar_producto_pedido,pedido,iniciar_pedido,0.9289236053921093,resolved,True,False,True,False,False,[],"[{""intent"": ""pedido"", ""subintent"": ""iniciar_pedido"", ""score"": 1.74, ""priority"": 90, ""reasons"": [{""source"": ""Matcher"", ""weight"": 0.58, ""detail"": ""ORDER_WANT_PRODUCT""}, {""source"": ""Matcher"", ""weight"": 0.58, ""detail"": ""ORDER_WANT_PRODUCT""}, {""source"": ""Matcher"", ""weight"": 0.58, ""detail"": ""ORDER_WANT_PRODUCT""}]}, {""intent"": ""seguridad_alimentaria"", ""subintent"": ""consultar_alergenos"", ""score"": 0.2, ""priority"": 100, ""reasons"": [{""source"": ""PhraseMatcher"", ""weight"": 0.2, ""detail"": ""ALERGENO:crustaceos""}]}, {""intent"": ""catalogo"", ""subintent"": ""consultar_producto"", ""score"": 0.14, ""priority"": 70, ""reasons"": [{""source"": ""PhraseMatcher"", ""weight"": 0.14, ""detail"": ""PRODUCTO_ESPECIFICO:arroz_con_camaron""}]}, {""intent"": ""catalogo"", ""subintent"": ""consultar_detalle_producto"", ""score"": 0.06, ""priority"": 70, ""reasons"": [{""source"": ""PhraseMatcher"", ""weight"": 0.06, ""detail"": ""INGREDIENTE:arroz""}]}]",
caso_103,¿Tienen langostinos?,catalogo,consultar_producto,catalogo,consultar_producto,0.1858413253712382,ambiguous,False,True,True,True,False,[],"[{""intent"": ""catalogo"", ""subintent"": ""consultar_producto"", ""score"": 0.216, ""priority"": 70, ""reasons"": [{""source"": ""Lemma:catalog_fallback"", ""weight"": 0.096, ""detail"": ""tener""}, {""source"": ""PhraseMatcher"", ""weight"": 0.12, ""detail"": ""PRODUCTO_BASE:langostino""}]}, {""intent"": ""seguridad_alimentaria"", ""subintent"": ""consultar_alergenos"", ""score"": 0.2, ""priority"": 100, ""reasons"": [{""source"": ""PhraseMatcher"", ""weight"": 0.2, ""detail"": ""ALERGENO:crustaceos""}]}]",
caso_105,¿Pueden organizar un almuerzo empresarial?,reserva_evento,consultar_eventos,menu,solicitar_menu,0.7782046124902293,ambiguous,True,True,False,False,True,[],"[{""intent"": ""menu"", ""subintent"": ""solicitar_menu"", ""score"": 1.65, ""priority"": 80, ""reasons"": [{""source"": ""Matcher"", ""weight"": 0.55, ""detail"": ""MENU_REQUEST""}, {""source"": ""Matcher"", ""weight"": 0.55, ""detail"": ""MENU_REQUEST""}, {""source"": ""Matcher"", ""weight"": 0.55, ""detail"": ""MENU_REQUEST""}]}, {""intent"": ""domicilio"", ""subintent"": ""consultar_domicilio"", ""score"": 1.62, ""priority"": 75, ""reasons"": [{""source"": ""Matcher"", ""weight"": 0.54, ""detail"": ""DELIVERY_QUERY""}, {""source"": ""Matcher"", ""weight"": 0.54, ""detail"": ""DELIVERY_QUERY""}, {""source"": ""Matcher"", ""weight"": 0.54, ""detail"": ""DELIVERY_QUERY""}]}, {""intent"": ""reserva_evento"", ""subintent"": ""consultar_eventos"", ""score"": 0.22, ""priority"": 75, ""reasons"": [{""source"": ""PhraseMatcher"", ""weight"": 0.22, ""detail"": ""SERVICIO:eventos""}]}]",
caso_113,¿Puedo reservar un espacio privado?,reserva_evento,consultar_reserva,reserva_evento,solicitar_reserva,0.7129216201542983,resolved,True,False,True,False,False,[],"[{""intent"": ""reserva_evento"", ""subintent"": ""solicitar_reserva"", ""score"": 0.78, ""priority"": 75, ""reasons"": [{""source"": ""Matcher"", ""weight"": 0.58, ""detail"": ""RESERVATION_REQUEST""}, {""source"": ""Lemma:catalog_fallback"", ""weight"": 0.2, ""detail"": ""reservar""}]}]",
caso_114,¿Cuál es la capacidad máxima para eventos?,reserva_evento,consultar_eventos,menu,solicitar_menu,0.3946811893537757,ambiguous,False,True,False,False,False,[],"[{""intent"": ""menu"", ""subintent"": ""solicitar_menu"", ""score"": 0.55, ""priority"": 80, ""reasons"": [{""source"": ""Matcher"", ""weight"": 0.55, ""detail"": ""MENU_REQUEST""}]}, {""intent"": ""domicilio"", ""subintent"": ""consultar_domicilio"", ""score"": 0.54, ""priority"": 75, ""reasons"": [{""source"": ""Matcher"", ""weight"": 0.54, ""detail"": ""DELIVERY_QUERY""}]}, {""intent"": ""reserva_evento"", ""subintent"": ""consultar_eventos"", ""score"": 0.22, ""priority"": 75, ""reasons"": [{""source"": ""PhraseMatcher"", ""weight"": 0.22, ""detail"": ""SERVICIO:eventos""}]}]",
caso_116,¿El parqueadero tiene costo?,horario_ubicacion,consultar_parqueadero,menu,solicitar_menu,0.3946811893537757,ambiguous,False,True,False,False,False,[],"[{""intent"": ""menu"", ""subintent"": ""solicitar_menu"", ""score"": 0.55, ""priority"": 80, ""reasons"": [{""source"": ""Matcher"", ""weight"": 0.55, ""detail"": ""MENU_REQUEST""}]}, {""intent"": ""domicilio"", ""subintent"": ""consultar_domicilio"", ""score"": 0.54, ""priority"": 75, ""reasons"": [{""source"": ""Matcher"", ""weight"": 0.54, ""detail"": ""DELIVERY_QUERY""}]}, {""intent"": ""horario_ubicacion"", ""subintent"": ""consultar_parqueadero"", ""score"": 0.24, ""priority"": 60, ""reasons"": [{""source"": ""PhraseMatcher"", ""weight"": 0.24, ""detail"": ""SERVICIO:parqueadero""}]}, {""intent"": ""catalogo"", ""subintent"": ""consultar_producto"", ""score"": 0.096, ""priority"": 70, ""reasons"": [{""source"": ""Lemma:catalog_fallback"", ""weight"": 0.096, ""detail"": ""tener""}]}]",
caso_117,¿Pueden adaptar un plato sin camarón?,pedido,solicitar_modificacion,pedido,solicitar_modificacion,0.5734390436549086,resolved,True,False,True,True,False,[],"[{""intent"": ""pedido"", ""subintent"": ""solicitar_modificacion"", ""score"": 0.62, ""priority"": 90, ""reasons"": [{""source"": ""Matcher"", ""weight"": 0.62, ""detail"": ""MODIFICATION_REMOVE""}]}, {""intent"": ""seguridad_alimentaria"", ""subintent"": ""consultar_alergenos"", ""score"": 0.2, ""priority"": 100, ""reasons"": [{""source"": ""PhraseMatcher"", ""weight"": 0.2, ""detail"": ""ALERGENO:crustaceos""}]}, {""intent"": ""catalogo"", ""subintent"": ""consultar_producto"", ""score"": 0.12, ""priority"": 70, ""reasons"": [{""source"": ""PhraseMatcher"", ""weight"": 0.12, ""detail"": ""PRODUCTO_BASE:camaron""}]}]",
caso_118,Necesito propuesta para veinte personas.,reserva_evento,solicitar_evento,pedido,indicar_cantidad,0.4555613417607829,needs_clarification,True,True,False,False,True,[],"[{""intent"": ""pedido"", ""subintent"": ""indicar_cantidad"", ""score"": 0.38, ""priority"": 90, ""reasons"": [{""source"": ""Matcher"", ""weight"": 0.38, ""detail"": ""QUANTITY_ONLY""}]}]",
caso_119,¿Manejan factura electrónica?,operacion,consultar_facturacion,menu,solicitar_menu,0.7782046124902293,ambiguous,True,True,False,False,True,[],"[{""intent"": ""menu"", ""subintent"": ""solicitar_menu"", ""score"": 1.65, ""priority"": 80, ""reasons"": [{""source"": ""Matcher"", ""weight"": 0.55, ""detail"": ""MENU_REQUEST""}, {""source"": ""Matcher"", ""weight"": 0.55, ""detail"": ""MENU_REQUEST""}, {""source"": ""Matcher"", ""weight"": 0.55, ""detail"": ""MENU_REQUEST""}]}, {""intent"": ""domicilio"", ""subintent"": ""consultar_domicilio"", ""score"": 1.62, ""priority"": 75, ""reasons"": [{""source"": ""Matcher"", ""weight"": 0.54, ""detail"": ""DELIVERY_QUERY""}, {""source"": ""Matcher"", ""weight"": 0.54, ""detail"": ""DELIVERY_QUERY""}, {""source"": ""Matcher"", ""weight"": 0.54, ""detail"": ""DELIVERY_QUERY""}]}, {""intent"": ""operacion"", ""subintent"": ""consultar_facturacion"", ""score"": 0.452, ""priority"": 55, ""reasons"": [{""source"": ""Lemma:catalog_fallback"", ""weight"": 0.192, ""detail"": ""facturar""}, {""source"": ""PhraseMatcher"", ""weight"": 0.26, ""detail"": ""SERVICIO:factura_electronica""}]}]",
caso_125,quiero pesacado frito,pedido,iniciar_pedido,,,0.0,unknown,True,True,False,False,True,[],"[{""intent"": ""catalogo"", ""subintent"": ""consultar_preparacion"", ""score"": 0.1, ""priority"": 70, ""reasons"": [{""source"": ""PhraseMatcher"", ""weight"": 0.1, ""detail"": ""PREPARACION:frito""}]}, {""intent"": ""pedido"", ""subintent"": ""iniciar_pedido"", ""score"": 0.096, ""priority"": 90, ""reasons"": [{""source"": ""Lemma:catalog_fallback"", ""weight"": 0.096, ""detail"": ""querer""}]}]",
caso_131,tiene camaron,catalogo,consultar_producto,catalogo,consultar_disponibilidad_producto,0.49378813915408803,resolved,False,False,True,False,True,[],"[{""intent"": ""catalogo"", ""subintent"": ""consultar_disponibilidad_producto"", ""score"": 0.52, ""priority"": 70, ""reasons"": [{""source"": ""Matcher"", ""weight"": 0.52, ""detail"": ""AVAILABILITY_PRODUCT""}]}, {""intent"": ""catalogo"", ""subintent"": ""consultar_producto"", ""score"": 0.216, ""priority"": 70, ""reasons"": [{""source"": ""Lemma:catalog_fallback"", ""weight"": 0.096, ""detail"": ""tener""}, {""source"": ""PhraseMatcher"", ""weight"": 0.12, ""detail"": ""PRODUCTO_BASE:camaron""}]}]",
caso_132,uno de esos,pedido,agregar_producto_pedido,pedido,indicar_cantidad,0.6839958713081375,resolved,True,False,True,False,False,"[""CTX_CANTIDAD_PRODUCTO""]","[{""intent"": ""pedido"", ""subintent"": ""indicar_cantidad"", ""score"": 0.72, ""priority"": 90, ""reasons"": [{""source"": ""Matcher"", ""weight"": 0.38, ""detail"": ""QUANTITY_ONLY""}, {""source"": ""Context"", ""weight"": 0.34, ""detail"": ""cantidad_con_producto_activo""}]}]",
caso_133,lo quiero en salsa,pedido,seleccionar_preparacion,,,0.0,unknown,False,True,False,False,False,[],"[{""intent"": ""catalogo"", ""subintent"": ""consultar_preparacion"", ""score"": 0.1, ""priority"": 70, ""reasons"": [{""source"": ""PhraseMatcher"", ""weight"": 0.1, ""detail"": ""PREPARACION:en_salsa""}]}, {""intent"": ""pedido"", ""subintent"": ""iniciar_pedido"", ""score"": 0.096, ""priority"": 90, ""reasons"": [{""source"": ""Lemma:catalog_fallback"", ""weight"": 0.096, ""detail"": ""querer""}]}, {""intent"": ""catalogo"", ""subintent"": ""consultar_detalle_producto"", ""score"": 0.06, ""priority"": 70, ""reasons"": [{""source"": ""PhraseMatcher"", ""weight"": 0.06, ""detail"": ""INGREDIENTE:salsa""}]}]",
caso_139,quiero dos mojaras,pedido,agregar_producto_pedido,pedido,indicar_cantidad,0.4177177597981867,needs_clarification,True,True,True,False,True,[],"[{""intent"": ""pedido"", ""subintent"": ""indicar_cantidad"", ""score"": 0.38, ""priority"": 90, ""reasons"": [{""source"": ""Matcher"", ""weight"": 0.38, ""detail"": ""QUANTITY_ONLY""}]}, {""intent"": ""pedido"", ""subintent"": ""iniciar_pedido"", ""score"": 0.096, ""priority"": 90, ""reasons"": [{""source"": ""Lemma:catalog_fallback"", ""weight"": 0.096, ""detail"": ""querer""}]}]",
caso_144,precios,precio,consultar_precios_generales,,,0.0,unknown,True,True,False,False,True,[],"[{""intent"": ""precio"", ""subintent"": ""consultar_precios_generales"", ""score"": 0.144, ""priority"": 95, ""reasons"": [{""source"": ""Lemma:catalog_fallback"", ""weight"": 0.144, ""detail"": ""precio""}]}]",
caso_145,qué hay,menu,consultar_menu_general,,,0.0,unknown,False,True,False,False,False,[],"[{""intent"": ""catalogo"", ""subintent"": ""consultar_producto"", ""score"": 0.096, ""priority"": 70, ""reasons"": [{""source"": ""Lemma:catalog_fallback"", ""weight"": 0.096, ""detail"": ""haber""}]}]",
caso_147,uno frito,pedido,seleccionar_preparacion,pedido,indicar_cantidad,0.6610829866678671,resolved,True,False,True,False,False,"[""CTX_CANTIDAD_PRODUCTO""]","[{""intent"": ""pedido"", ""subintent"": ""indicar_cantidad"", ""score"": 0.72, ""priority"": 90, ""reasons"": [{""source"": ""Matcher"", ""weight"": 0.38, ""detail"": ""QUANTITY_ONLY""}, {""source"": ""Context"", ""weight"": 0.34, ""detail"": ""cantidad_con_producto_activo""}]}, {""intent"": ""catalogo"", ""subintent"": ""consultar_preparacion"", ""score"": 0.1, ""priority"": 70, ""reasons"": [{""source"": ""PhraseMatcher"", ""weight"": 0.1, ""detail"": ""PREPARACION:frito""}]}]",
caso_153,2,pedido,indicar_cantidad,pedido,indicar_cantidad,0.6839958713081375,resolved,False,False,True,True,True,"[""CTX_CANTIDAD_PRODUCTO""]","[{""intent"": ""pedido"", ""subintent"": ""indicar_cantidad"", ""score"": 0.72, ""priority"": 90, ""reasons"": [{""source"": ""Matcher"", ""weight"": 0.38, ""detail"": ""QUANTITY_ONLY""}, {""source"": ""Context"", ""weight"": 0.34, ""detail"": ""cantidad_con_producto_activo""}]}]",
caso_156,qué es marinera,catalogo,consultar_definicion_preparacion,,,0.0,unknown,False,True,False,False,False,[],"[{""intent"": ""catalogo"", ""subintent"": ""consultar_preparacion"", ""score"": 0.1, ""priority"": 70, ""reasons"": [{""source"": ""PhraseMatcher"", ""weight"": 0.1, ""detail"": ""PREPARACION:a_la_marinera""}]}]",
caso_161,¿La cazuela tiene leche o crema?,seguridad_alimentaria,consultar_alergenos,seguridad_alimentaria,consultar_alergenos,0.3866380128750695,resolved,True,False,True,True,False,[],"[{""intent"": ""seguridad_alimentaria"", ""subintent"": ""consultar_alergenos"", ""score"": 0.4, ""priority"": 100, ""reasons"": [{""source"": ""PhraseMatcher"", ""weight"": 0.2, ""detail"": ""ALERGENO:lacteos""}, {""source"": ""PhraseMatcher"", ""weight"": 0.2, ""detail"": ""ALERGENO:lacteos""}]}, {""intent"": ""catalogo"", ""subintent"": ""consultar_producto"", ""score"": 0.216, ""priority"": 70, ""reasons"": [{""source"": ""Lemma:catalog_fallback"", ""weight"": 0.096, ""detail"": ""tener""}, {""source"": ""PhraseMatcher"", ""weight"": 0.12, ""detail"": ""PRODUCTO_BASE:cazuela""}]}]",
caso_163,¿Qué opción no es frita?,catalogo,consultar_preparacion,pedido,solicitar_modificacion,0.5024205317679551,resolved,False,False,False,False,True,"[""PRIORITY_NEGATION_MODIFICATION""]","[{""intent"": ""pedido"", ""subintent"": ""solicitar_modificacion"", ""score"": 0.48, ""priority"": 90, ""reasons"": [{""source"": ""PriorityRule"", ""weight"": 0.48, ""detail"": ""negation_modification""}]}, {""intent"": ""catalogo"", ""subintent"": ""consultar_preparacion"", ""score"": 0.1, ""priority"": 70, ""reasons"": [{""source"": ""PhraseMatcher"", ""weight"": 0.1, ""detail"": ""PREPARACION:frito""}]}]",
caso_165,"Soy alérgica al camarón, ¿qué puedo pedir?",recomendacion,solicitar_recomendacion_por_alergia,seguridad_alimentaria,consultar_alergenos,0.9593680265943182,resolved,True,False,False,False,False,"[""PRIORITY_SAFETY_FIRST""]","[{""intent"": ""seguridad_alimentaria"", ""subintent"": ""consultar_alergenos"", ""score"": 2.086, ""priority"": 100, ""reasons"": [{""source"": ""Matcher"", ""weight"": 0.8, ""detail"": ""ALLERGY_QUERY""}, {""source"": ""Lemma:catalog_fallback"", ""weight"": 0.336, ""detail"": ""alérgico""}, {""source"": ""PhraseMatcher"", ""weight"": 0.2, ""detail"": ""ALERGENO:crustaceos""}, {""source"": ""PriorityRule"", ""weight"": 0.75, ""detail"": ""safety_first""}]}, {""intent"": ""pedido"", ""subintent"": ""iniciar_pedido"", ""score"": 0.192, ""priority"": 90, ""reasons"": [{""source"": ""Lemma:catalog_fallback"", ""weight"": 0.192, ""detail"": ""pedir""}]}, {""intent"": ""catalogo"", ""subintent"": ""consultar_producto"", ""score"": 0.12, ""priority"": 70, ""reasons"": [{""source"": ""PhraseMatcher"", ""weight"": 0.12, ""detail"": ""PRODUCTO_BASE:camaron""}]}]",
caso_170,¿Qué platos tienen sin mariscos?,catalogo,consultar_categoria_por_restriccion,catalogo,consultar_categoria,0.1981229603383441,resolved,True,False,True,False,False,[],"[{""intent"": ""catalogo"", ""subintent"": ""consultar_categoria"", ""score"": 0.18, ""priority"": 70, ""reasons"": [{""source"": ""PhraseMatcher"", ""weight"": 0.18, ""detail"": ""CATEGORIA:mariscos""}]}, {""intent"": ""catalogo"", ""subintent"": ""consultar_producto"", ""score"": 0.096, ""priority"": 70, ""reasons"": [{""source"": ""Lemma:catalog_fallback"", ""weight"": 0.096, ""detail"": ""tener""}]}]",
caso_171,¿La salsa marinera contiene lácteos?,seguridad_alimentaria,consultar_alergenos,seguridad_alimentaria,consultar_alergenos,0.22119921692859512,ambiguous,True,True,True,True,True,[],"[{""intent"": ""seguridad_alimentaria"", ""subintent"": ""consultar_alergenos"", ""score"": 0.2, ""priority"": 100, ""reasons"": [{""source"": ""PhraseMatcher"", ""weight"": 0.2, ""detail"": ""ALERGENO:lacteos""}]}, {""intent"": ""catalogo"", ""subintent"": ""consultar_preparacion"", ""score"": 0.1, ""priority"": 70, ""reasons"": [{""source"": ""PhraseMatcher"", ""weight"": 0.1, ""detail"": ""PREPARACION:a_la_marinera""}]}, {""intent"": ""catalogo"", ""subintent"": ""consultar_detalle_producto"", ""score"": 0.06, ""priority"": 70, ""reasons"": [{""source"": ""PhraseMatcher"", ""weight"": 0.06, ""detail"": ""INGREDIENTE:salsa""}]}]",
caso_172,¿Pueden usar utensilios separados?,seguridad_alimentaria,consultar_contaminacion_cruzada,seguridad_alimentaria,consultar_contaminacion_cruzada,0.9274877669767594,resolved,True,False,True,True,False,[],"[{""intent"": ""seguridad_alimentaria"", ""subintent"": ""consultar_contaminacion_cruzada"", ""score"": 1.64, ""priority"": 100, ""reasons"": [{""source"": ""Matcher"", ""weight"": 0.82, ""detail"": ""CROSS_CONTAMINATION""}, {""source"": ""Matcher"", ""weight"": 0.82, ""detail"": ""CROSS_CONTAMINATION""}]}]",
caso_173,¿Cuál plato no lleva gluten?,recomendacion,solicitar_recomendacion_por_restriccion,seguridad_alimentaria,consultar_alergenos,0.27385096292630906,resolved,True,False,False,False,False,[],"[{""intent"": ""seguridad_alimentaria"", ""subintent"": ""consultar_alergenos"", ""score"": 0.2, ""priority"": 100, ""reasons"": [{""source"": ""PhraseMatcher"", ""weight"": 0.2, ""detail"": ""ALERGENO:gluten""}]}]",
caso_174,¿La mojarra se puede hacer a la plancha?,catalogo,consultar_preparacion_producto,,,0.0,unknown,False,True,False,False,False,[],"[{""intent"": ""catalogo"", ""subintent"": ""consultar_producto"", ""score"": 0.12, ""priority"": 70, ""reasons"": [{""source"": ""PhraseMatcher"", ""weight"": 0.12, ""detail"": ""PRODUCTO_BASE:mojarra""}]}, {""intent"": ""catalogo"", ""subintent"": ""consultar_preparacion"", ""score"": 0.1, ""priority"": 70, ""reasons"": [{""source"": ""PhraseMatcher"", ""weight"": 0.1, ""detail"": ""PREPARACION:a_la_plancha""}]}]",
caso_176,¿Qué acompañamientos tienen huevo?,seguridad_alimentaria,consultar_alergenos,seguridad_alimentaria,consultar_alergenos,0.2233768090695044,ambiguous,True,True,True,True,True,[],"[{""intent"": ""seguridad_alimentaria"", ""subintent"": ""consultar_alergenos"", ""score"": 0.2, ""priority"": 100, ""reasons"": [{""source"": ""PhraseMatcher"", ""weight"": 0.2, ""detail"": ""ALERGENO:huevo""}]}, {""intent"": ""catalogo"", ""subintent"": ""consultar_producto"", ""score"": 0.096, ""priority"": 70, ""reasons"": [{""source"": ""Lemma:catalog_fallback"", ""weight"": 0.096, ""detail"": ""tener""}]}]",
caso_177,¿El aceite se comparte con productos apanados?,seguridad_alimentaria,consultar_contaminacion_cruzada,seguridad_alimentaria,consultar_contaminacion_cruzada,0.73071904444755,resolved,True,False,True,True,False,[],"[{""intent"": ""seguridad_alimentaria"", ""subintent"": ""consultar_contaminacion_cruzada"", ""score"": 0.82, ""priority"": 100, ""reasons"": [{""source"": ""Matcher"", ""weight"": 0.82, ""detail"": ""CROSS_CONTAMINATION""}]}]",
caso_178,¿Tienen una opción vegetariana?,catalogo,consultar_categoria_por_restriccion,,,0.0,unknown,True,True,False,False,True,[],"[{""intent"": ""catalogo"", ""subintent"": ""consultar_producto"", ""score"": 0.096, ""priority"": 70, ""reasons"": [{""source"": ""Lemma:catalog_fallback"", ""weight"": 0.096, ""detail"": ""tener""}]}]",
caso_181,Necesito almuerzo para doce personas.,pedido,iniciar_pedido_grupal,pedido,indicar_cantidad,0.4555613417607829,needs_clarification,True,True,True,False,True,[],"[{""intent"": ""pedido"", ""subintent"": ""indicar_cantidad"", ""score"": 0.38, ""priority"": 90, ""reasons"": [{""source"": ""Matcher"", ""weight"": 0.38, ""detail"": ""QUANTITY_ONLY""}]}]",
caso_182,¿Pueden entregar todos los pedidos marcados?,operacion,consultar_empaque,pedido,iniciar_pedido,0.26449651450089695,resolved,True,False,False,False,False,[],"[{""intent"": ""pedido"", ""subintent"": ""iniciar_pedido"", ""score"": 0.192, ""priority"": 90, ""reasons"": [{""source"": ""Lemma:catalog_fallback"", ""weight"": 0.192, ""detail"": ""pedir""}]}]",
caso_183,¿Manejan factura electrónica?,operacion,consultar_facturacion,menu,solicitar_menu,0.7782046124902293,ambiguous,True,True,False,False,True,[],"[{""intent"": ""menu"", ""subintent"": ""solicitar_menu"", ""score"": 1.65, ""priority"": 80, ""reasons"": [{""source"": ""Matcher"", ""weight"": 0.55, ""detail"": ""MENU_REQUEST""}, {""source"": ""Matcher"", ""weight"": 0.55, ""detail"": ""MENU_REQUEST""}, {""source"": ""Matcher"", ""weight"": 0.55, ""detail"": ""MENU_REQUEST""}]}, {""intent"": ""domicilio"", ""subintent"": ""consultar_domicilio"", ""score"": 1.62, ""priority"": 75, ""reasons"": [{""source"": ""Matcher"", ""weight"": 0.54, ""detail"": ""DELIVERY_QUERY""}, {""source"": ""Matcher"", ""weight"": 0.54, ""detail"": ""DELIVERY_QUERY""}, {""source"": ""Matcher"", ""weight"": 0.54, ""detail"": ""DELIVERY_QUERY""}]}, {""intent"": ""operacion"", ""subintent"": ""consultar_facturacion"", ""score"": 0.452, ""priority"": 55, ""reasons"": [{""source"": ""Lemma:catalog_fallback"", ""weight"": 0.192, ""detail"": ""facturar""}, {""source"": ""PhraseMatcher"", ""weight"": 0.26, ""detail"": ""SERVICIO:factura_electronica""}]}]",
caso_185,¿Puedo programarlo para la una?,operacion,consultar_pedido_programado,menu,solicitar_menu,0.3946811893537757,ambiguous,True,True,False,False,True,[],"[{""intent"": ""menu"", ""subintent"": ""solicitar_menu"", ""score"": 0.55, ""priority"": 80, ""reasons"": [{""source"": ""Matcher"", ""weight"": 0.55, ""detail"": ""MENU_REQUEST""}]}, {""intent"": ""domicilio"", ""subintent"": ""consultar_domicilio"", ""score"": 0.54, ""priority"": 75, ""reasons"": [{""source"": ""Matcher"", ""weight"": 0.54, ""detail"": ""DELIVERY_QUERY""}]}, {""intent"": ""operacion"", ""subintent"": ""consultar_pedido_programado"", ""score"": 0.24, ""priority"": 55, ""reasons"": [{""source"": ""PhraseMatcher"", ""weight"": 0.24, ""detail"": ""SERVICIO:pedido_programado""}]}]",
caso_191,Necesito seis bagres y seis arroces con camarón.,pedido,agregar_productos_pedido,pedido,indicar_cantidad,0.6590433718622984,needs_clarification,True,True,True,False,True,[],"[{""intent"": ""pedido"", ""subintent"": ""indicar_cantidad"", ""score"": 0.76, ""priority"": 90, ""reasons"": [{""source"": ""Matcher"", ""weight"": 0.38, ""detail"": ""QUANTITY_ONLY""}, {""source"": ""Matcher"", ""weight"": 0.38, ""detail"": ""QUANTITY_ONLY""}]}, {""intent"": ""seguridad_alimentaria"", ""subintent"": ""consultar_alergenos"", ""score"": 0.2, ""priority"": 100, ""reasons"": [{""source"": ""PhraseMatcher"", ""weight"": 0.2, ""detail"": ""ALERGENO:crustaceos""}]}, {""intent"": ""catalogo"", ""subintent"": ""consultar_categoria"", ""score"": 0.18, ""priority"": 70, ""reasons"": [{""source"": ""PhraseMatcher"", ""weight"": 0.18, ""detail"": ""CATEGORIA:arroces""}]}, {""intent"": ""catalogo"", ""subintent"": ""consultar_producto"", ""score"": 0.12, ""priority"": 70, ""reasons"": [{""source"": ""PhraseMatcher"", ""weight"": 0.12, ""detail"": ""PRODUCTO_BASE:camaron""}]}]",
caso_192,¿Pueden poner el nombre de cada persona?,operacion,consultar_empaque,menu,solicitar_menu,0.99,ambiguous,True,True,False,False,True,[],"[{""intent"": ""menu"", ""subintent"": ""solicitar_menu"", ""score"": 5.5, ""priority"": 80, ""reasons"": [{""source"": ""Matcher"", ""weight"": 0.55, ""detail"": ""MENU_REQUEST""}, {""source"": ""Matcher"", ""weight"": 0.55, ""detail"": ""MENU_REQUEST""}, {""source"": ""Matcher"", ""weight"": 0.55, ""detail"": ""MENU_REQUEST""}, {""source"": ""Matcher"", ""weight"": 0.55, ""detail"": ""MENU_REQUEST""}, {""source"": ""Matcher"", ""weight"": 0.55, ""detail"": ""MENU_REQUEST""}, {""source"": ""Matcher"", ""weight"": 0.55, ""detail"": ""MENU_REQUEST""}, {""source"": ""Matcher"", ""weight"": 0.55, ""detail"": ""MENU_REQUEST""}, {""source"": ""Matcher"", ""weight"": 0.55, ""detail"": ""MENU_REQUEST""}, {""source"": ""Matcher"", ""weight"": 0.55, ""detail"": ""MENU_REQUEST""}, {""source"": ""Matcher"", ""weight"": 0.55, ""detail"": ""MENU_REQUEST""}]}, {""intent"": ""domicilio"", ""subintent"": ""consultar_domicilio"", ""score"": 5.4, ""priority"": 75, ""reasons"": [{""source"": ""Matcher"", ""weight"": 0.54, ""detail"": ""DELIVERY_QUERY""}, {""source"": ""Matcher"", ""weight"": 0.54, ""detail"": ""DELIVERY_QUERY""}, {""source"": ""Matcher"", ""weight"": 0.54, ""detail"": ""DELIVERY_QUERY""}, {""source"": ""Matcher"", ""weight"": 0.54, ""detail"": ""DELIVERY_QUERY""}, {""source"": ""Matcher"", ""weight"": 0.54, ""detail"": ""DELIVERY_QUERY""}, {""source"": ""Matcher"", ""weight"": 0.54, ""detail"": ""DELIVERY_QUERY""}, {""source"": ""Matcher"", ""weight"": 0.54, ""detail"": ""DELIVERY_QUERY""}, {""source"": ""Matcher"", ""weight"": 0.54, ""detail"": ""DELIVERY_QUERY""}, {""source"": ""Matcher"", ""weight"": 0.54, ""detail"": ""DELIVERY_QUERY""}, {""source"": ""Matcher"", ""weight"": 0.54, ""detail"": ""DELIVERY_QUERY""}]}, {""intent"": ""operacion"", ""subintent"": ""consultar_empaque"", ""score"": 0.24, ""priority"": 55, ""reasons"": [{""source"": ""PhraseMatcher"", ""weight"": 0.24, ""detail"": ""SERVICIO:etiquetado_nombre""}]}]",
caso_193,¿Cuál es el tiempo de entrega para doce pedidos?,domicilio,consultar_domicilio_grupal,domicilio,consultar_domicilio,0.6836797091247008,resolved,True,False,True,False,False,[],"[{""intent"": ""domicilio"", ""subintent"": ""consultar_domicilio"", ""score"": 0.96, ""priority"": 75, ""reasons"": [{""source"": ""Matcher"", ""weight"": 0.54, ""detail"": ""DELIVERY_QUERY""}, {""source"": ""Lemma:catalog_fallback"", ""weight"": 0.16, ""detail"": ""domicilio""}, {""source"": ""PhraseMatcher"", ""weight"": 0.26, ""detail"": ""SERVICIO:domicilio""}]}, {""intent"": ""menu"", ""subintent"": ""solicitar_menu"", ""score"": 0.55, ""priority"": 80, ""reasons"": [{""source"": ""Matcher"", ""weight"": 0.55, ""detail"": ""MENU_REQUEST""}]}, {""intent"": ""pedido"", ""subintent"": ""indicar_cantidad"", ""score"": 0.38, ""priority"": 90, ""reasons"": [{""source"": ""Matcher"", ""weight"": 0.38, ""detail"": ""QUANTITY_ONLY""}]}, {""intent"": ""pedido"", ""subintent"": ""iniciar_pedido"", ""score"": 0.192, ""priority"": 90, ""reasons"": [{""source"": ""Lemma:catalog_fallback"", ""weight"": 0.192, ""detail"": ""pedir""}]}]",
caso_198,¿Tienen capacidad para cincuenta personas?,reserva_evento,consultar_eventos,pedido,indicar_cantidad,0.4177177597981867,needs_clarification,False,True,False,False,False,[],"[{""intent"": ""pedido"", ""subintent"": ""indicar_cantidad"", ""score"": 0.38, ""priority"": 90, ""reasons"": [{""source"": ""Matcher"", ""weight"": 0.38, ""detail"": ""QUANTITY_ONLY""}]}, {""intent"": ""catalogo"", ""subintent"": ""consultar_producto"", ""score"": 0.096, ""priority"": 70, ""reasons"": [{""source"": ""Lemma:catalog_fallback"", ""weight"": 0.096, ""detail"": ""tener""}]}]",
caso_199,¿Puedo pagar una parte por transferencia y otra con tarjeta?,pago,consultar_pago_mixto,pago,consultar_medio_pago,0.6766435487508443,resolved,True,False,True,False,False,[],"[{""intent"": ""pago"", ""subintent"": ""consultar_medio_pago"", ""score"": 0.99, ""priority"": 75, ""reasons"": [{""source"": ""Matcher"", ""weight"": 0.55, ""detail"": ""PAYMENT_QUERY""}, {""source"": ""Lemma:catalog_fallback"", ""weight"": 0.16, ""detail"": ""pagar""}, {""source"": ""PhraseMatcher"", ""weight"": 0.28, ""detail"": ""MEDIO_PAGO:transferencia_bancaria""}]}, {""intent"": ""menu"", ""subintent"": ""reenviar_menu"", ""score"": 0.65, ""priority"": 80, ""reasons"": [{""source"": ""Matcher"", ""weight"": 0.65, ""detail"": ""MENU_RETRY""}]}]",
