caso_id,mensaje,intencion_esperada,subintencion_esperada,intencion_resuelta,subintencion_resuelta,confianza,estado,requiere_aclaracion_esperado,requiere_aclaracion_resuelto,modo_intervencion,razon_aclaracion,slots_faltantes,clave_pregunta,mensaje_aclaracion,intencion_correcta,subintencion_correcta,aclaracion_correcta,reglas_aplicadas,candidatos,error
caso_001,"Parce, ¿qué almuerzo tienen barato?",precio,solicitar_recomendacion_por_presupuesto,precio,solicitar_recomendacion_por_presupuesto,0.5345729929321927,resolved,False,False,resolved,,[],,,True,True,True,"[""PRIORITY_BUDGET""]","[{""intent"": ""precio"", ""subintent"": ""solicitar_recomendacion_por_presupuesto"", ""score"": 0.52, ""priority"": 95, ""reasons"": [{""source"": ""PriorityRule"", ""weight"": 0.52, ""detail"": ""budget_recommendation""}]}, {""intent"": ""catalogo"", ""subintent"": ""consultar_producto"", ""score"": 0.096, ""priority"": 70, ""reasons"": [{""source"": ""Lemma:catalog_fallback"", ""weight"": 0.096, ""detail"": ""tener""}]}]",
caso_002,¿Hay ejecutivo hoy?,catalogo,consultar_categoria,catalogo,consultar_categoria,0.1981229603383441,resolved,False,False,resolved,,[],,,True,True,True,[],"[{""intent"": ""catalogo"", ""subintent"": ""consultar_categoria"", ""score"": 0.18, ""priority"": 70, ""reasons"": [{""source"": ""PhraseMatcher"", ""weight"": 0.18, ""detail"": ""CATEGORIA:almuerzos_ejecutivos""}]}, {""intent"": ""catalogo"", ""subintent"": ""consultar_producto"", ""score"": 0.096, ""priority"": 70, ""reasons"": [{""source"": ""Lemma:catalog_fallback"", ""weight"": 0.096, ""detail"": ""haber""}]}]",
caso_003,¿Qué puedo pedir con veinte lucas?,precio,solicitar_recomendacion_por_presupuesto,precio,solicitar_recomendacion_por_presupuesto,0.9221989226338723,resolved,False,False,resolved,,[],,,True,True,True,"[""PRIORITY_BUDGET""]","[{""intent"": ""precio"", ""subintent"": ""solicitar_recomendacion_por_presupuesto"", ""score"": 1.68, ""priority"": 95, ""reasons"": [{""source"": ""Matcher"", ""weight"": 0.58, ""detail"": ""PRICE_BUDGET""}, {""source"": ""Matcher"", ""weight"": 0.58, ""detail"": ""PRICE_BUDGET""}, {""source"": ""PriorityRule"", ""weight"": 0.52, ""detail"": ""budget_recommendation""}]}, {""intent"": ""pedido"", ""subintent"": ""iniciar_pedido"", ""score"": 0.192, ""priority"": 90, ""reasons"": [{""source"": ""Lemma:catalog_fallback"", ""weight"": 0.192, ""detail"": ""pedir""}]}]",
caso_004,¿Reciben Nequi?,pago,consultar_medio_pago,pago,consultar_medio_pago,0.9092820467105875,resolved,False,False,resolved,,[],,,True,True,True,[],"[{""intent"": ""pago"", ""subintent"": ""consultar_medio_pago"", ""score"": 1.5, ""priority"": 75, ""reasons"": [{""source"": ""Matcher"", ""weight"": 0.55, ""detail"": ""PAYMENT_QUERY""}, {""source"": ""Matcher"", ""weight"": 0.55, ""detail"": ""PAYMENT_QUERY""}, {""source"": ""Lemma:catalog_fallback"", ""weight"": 0.12, ""detail"": ""aceptar""}, {""source"": ""PhraseMatcher"", ""weight"": 0.28, ""detail"": ""MEDIO_PAGO:nequi""}]}]",
caso_005,¿El domi cuánto vale?,domicilio,consultar_domicilio,domicilio,consultar_domicilio,0.956751814489553,resolved,False,False,resolved,,[],,,True,True,True,[],"[{""intent"": ""domicilio"", ""subintent"": ""consultar_domicilio"", ""score"": 2.04, ""priority"": 75, ""reasons"": [{""source"": ""Matcher"", ""weight"": 0.54, ""detail"": ""DELIVERY_QUERY""}, {""source"": ""Matcher"", ""weight"": 0.54, ""detail"": ""DELIVERY_QUERY""}, {""source"": ""Matcher"", ""weight"": 0.54, ""detail"": ""DELIVERY_QUERY""}, {""source"": ""Lemma:catalog_fallback"", ""weight"": 0.16, ""detail"": ""domicilio""}, {""source"": ""PhraseMatcher"", ""weight"": 0.26, ""detail"": ""SERVICIO:domicilio""}]}, {""intent"": ""precio"", ""subintent"": ""consultar_precio_producto"", ""score"": 0.176, ""priority"": 95, ""reasons"": [{""source"": ""Lemma:catalog_fallback"", ""weight"": 0.176, ""detail"": ""valer""}]}]",
caso_006,Pásame el menú,menu,solicitar_menu,menu,solicitar_menu,0.38121660819385916,resolved,False,False,resolved,,[],,,True,True,True,[],"[{""intent"": ""menu"", ""subintent"": ""solicitar_menu"", ""score"": 0.3, ""priority"": 80, ""reasons"": [{""source"": ""PhraseMatcher"", ""weight"": 0.3, ""detail"": ""SERVICIO:menu_pdf""}]}]",
caso_007,Pásame el menú,menu,solicitar_menu,menu,solicitar_menu,0.38121660819385916,resolved,False,False,resolved,,[],,,True,True,True,[],"[{""intent"": ""menu"", ""subintent"": ""solicitar_menu"", ""score"": 0.3, ""priority"": 80, ""reasons"": [{""source"": ""PhraseMatcher"", ""weight"": 0.3, ""detail"": ""SERVICIO:menu_pdf""}]}]",
caso_008,Mándamelo otra vez,menu,reenviar_menu,menu,reenviar_menu,0.99,resolved,False,False,resolved,,[],,,True,True,True,"[""CTX_MENU_REENVIO"", ""PRIORITY_MENU_REENVIO""]","[{""intent"": ""menu"", ""subintent"": ""reenviar_menu"", ""score"": 3.15, ""priority"": 80, ""reasons"": [{""source"": ""Matcher"", ""weight"": 0.65, ""detail"": ""MENU_RETRY""}, {""source"": ""Matcher"", ""weight"": 0.65, ""detail"": ""MENU_RETRY""}, {""source"": ""Matcher"", ""weight"": 0.65, ""detail"": ""MENU_RETRY""}, {""source"": ""Context"", ""weight"": 0.62, ""detail"": ""menu_previamente_enviado""}, {""source"": ""PriorityRule"", ""weight"": 0.58, ""detail"": ""explicit_again_with_menu_history""}]}]",
caso_009,¿Cuánto vale la mojarra frita?,precio,consultar_precio_producto,precio,consultar_precio_producto,0.9335695670540188,resolved,False,False,resolved,,[],,,True,True,True,"[""PRIORITY_PRICE_OVER_WANT""]","[{""intent"": ""precio"", ""subintent"": ""consultar_precio_producto"", ""score"": 1.756, ""priority"": 95, ""reasons"": [{""source"": ""Matcher"", ""weight"": 0.55, ""detail"": ""PRICE_Q_WH""}, {""source"": ""Matcher"", ""weight"": 0.55, ""detail"": ""PRICE_Q_WH""}, {""source"": ""Lemma:catalog_fallback"", ""weight"": 0.176, ""detail"": ""valer""}, {""source"": ""PriorityRule"", ""weight"": 0.48, ""detail"": ""explicit_price_with_product""}]}, {""intent"": ""catalogo"", ""subintent"": ""consultar_producto"", ""score"": 0.14, ""priority"": 70, ""reasons"": [{""source"": ""PhraseMatcher"", ""weight"": 0.14, ""detail"": ""PRODUCTO_ESPECIFICO:mojarra_frita""}]}, {""intent"": ""catalogo"", ""subintent"": ""consultar_preparacion"", ""score"": 0.1, ""priority"": 70, ""reasons"": [{""source"": ""PhraseMatcher"", ""weight"": 0.1, ""detail"": ""PREPARACION:frito""}]}]",
caso_010,¿Qué arroces tienen?,catalogo,consultar_categoria,catalogo,consultar_categoria,0.8381038178324495,resolved,False,False,resolved,,[],,,True,True,True,[],"[{""intent"": ""catalogo"", ""subintent"": ""consultar_categoria"", ""score"": 1.18, ""priority"": 70, ""reasons"": [{""source"": ""Matcher"", ""weight"": 0.5, ""detail"": ""CATEGORY_QUERY""}, {""source"": ""Matcher"", ""weight"": 0.5, ""detail"": ""CATEGORY_QUERY""}, {""source"": ""PhraseMatcher"", ""weight"": 0.18, ""detail"": ""CATEGORIA:arroces""}]}, {""intent"": ""catalogo"", ""subintent"": ""consultar_producto"", ""score"": 0.096, ""priority"": 70, ""reasons"": [{""source"": ""Lemma:catalog_fallback"", ""weight"": 0.096, ""detail"": ""tener""}]}]",
caso_011,¿Hay algo con camarón que no sea tan caro?,recomendacion,solicitar_recomendacion,catalogo,consultar_producto,0.2922044512901092,resolved,False,False,resolved,,[],,,False,False,True,[],"[{""intent"": ""catalogo"", ""subintent"": ""consultar_producto"", ""score"": 0.216, ""priority"": 70, ""reasons"": [{""source"": ""Lemma:catalog_fallback"", ""weight"": 0.096, ""detail"": ""haber""}, {""source"": ""PhraseMatcher"", ""weight"": 0.12, ""detail"": ""PRODUCTO_BASE:camaron""}]}]",
caso_012,Quiero una mojarra,pedido,iniciar_pedido,pedido,iniciar_pedido,0.6312365878288526,needs_transaction_confirmation,True,True,needs_transaction_confirmation,needs_transaction_confirmation,[],confirm_order,Entendí el pedido. ¿Deseas que lo confirme con esos productos y cantidades?,True,True,True,[],"[{""intent"": ""pedido"", ""subintent"": ""iniciar_pedido"", ""score"": 0.676, ""priority"": 90, ""reasons"": [{""source"": ""Matcher"", ""weight"": 0.58, ""detail"": ""ORDER_WANT_PRODUCT""}, {""source"": ""Lemma:catalog_fallback"", ""weight"": 0.096, ""detail"": ""querer""}]}, {""intent"": ""catalogo"", ""subintent"": ""consultar_producto"", ""score"": 0.12, ""priority"": 70, ""reasons"": [{""source"": ""PhraseMatcher"", ""weight"": 0.12, ""detail"": ""PRODUCTO_BASE:mojarra""}]}]",
caso_013,Una frita,pedido,seleccionar_preparacion,pedido,seleccionar_preparacion,0.514220275696115,resolved,False,False,resolved,,[],,,True,True,True,"[""CTX_CANTIDAD_PRODUCTO""]","[{""intent"": ""pedido"", ""subintent"": ""seleccionar_preparacion"", ""score"": 0.6, ""priority"": 90, ""reasons"": [{""source"": ""Matcher"", ""weight"": 0.6, ""detail"": ""ORDER_SELECT_PREPARATION""}]}, {""intent"": ""pedido"", ""subintent"": ""indicar_cantidad"", ""score"": 0.34, ""priority"": 90, ""reasons"": [{""source"": ""Context"", ""weight"": 0.34, ""detail"": ""cantidad_con_producto_activo""}]}, {""intent"": ""catalogo"", ""subintent"": ""consultar_preparacion"", ""score"": 0.1, ""priority"": 70, ""reasons"": [{""source"": ""PhraseMatcher"", ""weight"": 0.1, ""detail"": ""PREPARACION:frito""}]}]",
caso_014,¿El arroz con camarón viene con bebida?,catalogo,consultar_detalle_producto,catalogo,consultar_detalle_producto,0.99,resolved,False,False,resolved,,[],,,True,True,True,[],"[{""intent"": ""catalogo"", ""subintent"": ""consultar_detalle_producto"", ""score"": 7.5, ""priority"": 70, ""reasons"": [{""source"": ""Matcher"", ""weight"": 0.62, ""detail"": ""PRODUCT_DETAIL_CONTENT""}, {""source"": ""Matcher"", ""weight"": 0.62, ""detail"": ""PRODUCT_DETAIL_CONTENT""}, {""source"": ""Matcher"", ""weight"": 0.62, ""detail"": ""PRODUCT_DETAIL_CONTENT""}, {""source"": ""Matcher"", ""weight"": 0.62, ""detail"": ""PRODUCT_DETAIL_CONTENT""}, {""source"": ""Matcher"", ""weight"": 0.62, ""detail"": ""PRODUCT_DETAIL_CONTENT""}, {""source"": ""Matcher"", ""weight"": 0.62, ""detail"": ""PRODUCT_DETAIL_CONTENT""}, {""source"": ""Matcher"", ""weight"": 0.62, ""detail"": ""PRODUCT_DETAIL_CONTENT""}, {""source"": ""Matcher"", ""weight"": 0.62, ""detail"": ""PRODUCT_DETAIL_CONTENT""}, {""source"": ""Matcher"", ""weight"": 0.62, ""detail"": ""PRODUCT_DETAIL_CONTENT""}, {""source"": ""Matcher"", ""weight"": 0.62, ""detail"": ""PRODUCT_DETAIL_CONTENT""}, {""source"": ""Matcher"", ""weight"": 0.62, ""detail"": ""PRODUCT_DETAIL_CONTENT""}, {""source"": ""Matcher"", ""weight"": 0.62, ""detail"": ""PRODUCT_DETAIL_CONTENT""}, {""source"": ""PhraseMatcher"", ""weight"": 0.06, ""detail"": ""INGREDIENTE:arroz""}]}, {""intent"": ""catalogo"", ""subintent"": ""consultar_producto"", ""score"": 0.14, ""priority"": 70, ""reasons"": [{""source"": ""PhraseMatcher"", ""weight"": 0.14, ""detail"": ""PRODUCTO_ESPECIFICO:arroz_con_camaron""}]}]",
caso_015,¿Atienden hoy?,horario_ubicacion,consultar_horario,horario_ubicacion,consultar_horario,0.5648219407336433,resolved,False,False,resolved,,[],,,True,True,True,[],"[{""intent"": ""horario_ubicacion"", ""subintent"": ""consultar_horario"", ""score"": 0.52, ""priority"": 60, ""reasons"": [{""source"": ""Matcher"", ""weight"": 0.52, ""detail"": ""SCHEDULE_QUERY""}]}]",
caso_016,¿Hasta dónde llega el domicilio?,domicilio,consultar_domicilio,domicilio,consultar_domicilio,0.6945594138586422,resolved,False,False,resolved,,[],,,True,True,True,[],"[{""intent"": ""domicilio"", ""subintent"": ""consultar_domicilio"", ""score"": 0.96, ""priority"": 75, ""reasons"": [{""source"": ""Matcher"", ""weight"": 0.54, ""detail"": ""DELIVERY_QUERY""}, {""source"": ""Lemma:catalog_fallback"", ""weight"": 0.16, ""detail"": ""domicilio""}, {""source"": ""PhraseMatcher"", ""weight"": 0.26, ""detail"": ""SERVICIO:domicilio""}]}, {""intent"": ""horario_ubicacion"", ""subintent"": ""consultar_ubicacion"", ""score"": 0.5, ""priority"": 60, ""reasons"": [{""source"": ""Matcher"", ""weight"": 0.5, ""detail"": ""LOCATION_QUERY""}]}]",
caso_017,¿Se puede pagar cuando llegue?,pago,consultar_medio_pago,,,0.0,unknown,True,True,needs_user_clarification,no_evidence,[],no_evidence,No pude identificar la solicitud. ¿Qué deseas consultar o pedir?,False,False,True,[],"[{""intent"": ""pago"", ""subintent"": ""consultar_medio_pago"", ""score"": 0.16, ""priority"": 75, ""reasons"": [{""source"": ""Lemma:catalog_fallback"", ""weight"": 0.16, ""detail"": ""pagar""}]}]",
caso_018,¿Qué plato llena más?,recomendacion,solicitar_recomendacion,recomendacion,solicitar_recomendacion,0.5918008047220773,resolved,False,False,resolved,,[],,,True,True,True,[],"[{""intent"": ""recomendacion"", ""subintent"": ""solicitar_recomendacion"", ""score"": 0.56, ""priority"": 65, ""reasons"": [{""source"": ""Matcher"", ""weight"": 0.56, ""detail"": ""RECOMMENDATION_QUALITY""}]}]",
caso_019,¿Tienen ceviche pequeño?,catalogo,consultar_producto,catalogo,consultar_producto,0.6819669592914043,resolved,True,False,resolved,,[],,,True,True,False,[],"[{""intent"": ""catalogo"", ""subintent"": ""consultar_producto"", ""score"": 0.716, ""priority"": 70, ""reasons"": [{""source"": ""Matcher"", ""weight"": 0.5, ""detail"": ""CATALOG_PRODUCT_OFFER""}, {""source"": ""Lemma:catalog_fallback"", ""weight"": 0.096, ""detail"": ""tener""}, {""source"": ""PhraseMatcher"", ""weight"": 0.12, ""detail"": ""PRODUCTO_BASE:ceviche""}]}]",
caso_020,"Gracias, era eso",social,agradecer,social,agradecer,0.7777605778285596,resolved,False,False,resolved,,[],,,True,True,True,[],"[{""intent"": ""social"", ""subintent"": ""agradecer"", ""score"": 0.94, ""priority"": 10, ""reasons"": [{""source"": ""Matcher"", ""weight"": 0.7, ""detail"": ""THANKS""}, {""source"": ""Lemma:catalog_fallback"", ""weight"": 0.24, ""detail"": ""agradecer""}]}]",
caso_021,¿Qué menú ejecutivo tienen hoy?,catalogo,consultar_categoria,catalogo,consultar_categoria,0.1981229603383441,resolved,False,False,resolved,,[],,,True,True,True,[],"[{""intent"": ""catalogo"", ""subintent"": ""consultar_categoria"", ""score"": 0.18, ""priority"": 70, ""reasons"": [{""source"": ""PhraseMatcher"", ""weight"": 0.18, ""detail"": ""CATEGORIA:almuerzos_ejecutivos""}]}, {""intent"": ""catalogo"", ""subintent"": ""consultar_producto"", ""score"": 0.096, ""priority"": 70, ""reasons"": [{""source"": ""Lemma:catalog_fallback"", ""weight"": 0.096, ""detail"": ""tener""}]}]",
caso_022,Necesito pedir para tres personas.,pedido,iniciar_pedido_grupal,pedido,iniciar_pedido_grupal,0.5477861085923104,needs_user_clarification,True,True,needs_user_clarification,missing:product,"[""product""]",missing_group_products,¿Qué platos necesitas para el grupo?,True,True,True,[],"[{""intent"": ""pedido"", ""subintent"": ""iniciar_pedido_grupal"", ""score"": 0.58, ""priority"": 90, ""reasons"": [{""source"": ""Matcher"", ""weight"": 0.58, ""detail"": ""ORDER_GROUP_START""}]}, {""intent"": ""pedido"", ""subintent"": ""iniciar_pedido"", ""score"": 0.192, ""priority"": 90, ""reasons"": [{""source"": ""Lemma:catalog_fallback"", ""weight"": 0.192, ""detail"": ""pedir""}]}]",
caso_023,¿Cuánto demora el domicilio a Ciudad Montes?,domicilio,consultar_domicilio,domicilio,consultar_domicilio,0.9536715946718378,resolved,False,False,resolved,,[],,,True,True,True,[],"[{""intent"": ""domicilio"", ""subintent"": ""consultar_domicilio"", ""score"": 1.92, ""priority"": 75, ""reasons"": [{""source"": ""Matcher"", ""weight"": 0.54, ""detail"": ""DELIVERY_QUERY""}, {""source"": ""Matcher"", ""weight"": 0.54, ""detail"": ""DELIVERY_QUERY""}, {""source"": ""Lemma:catalog_fallback"", ""weight"": 0.16, ""detail"": ""domicilio""}, {""source"": ""Lemma:catalog_fallback"", ""weight"": 0.16, ""detail"": ""domicilio""}, {""source"": ""PhraseMatcher"", ""weight"": 0.26, ""detail"": ""SERVICIO:domicilio""}, {""source"": ""PhraseMatcher"", ""weight"": 0.26, ""detail"": ""SERVICIO:domicilio""}]}]",
caso_024,¿Me envían factura?,operacion,consultar_facturacion,operacion,consultar_facturacion,0.9288667215259103,needs_business_lookup,True,True,needs_business_lookup,needs_business_lookup,[],invoice_business_lookup,Debo validar las condiciones de facturación con el restaurante.,True,True,True,[],"[{""intent"": ""operacion"", ""subintent"": ""consultar_facturacion"", ""score"": 1.652, ""priority"": 55, ""reasons"": [{""source"": ""Matcher"", ""weight"": 0.6, ""detail"": ""INVOICE_QUERY""}, {""source"": ""Matcher"", ""weight"": 0.6, ""detail"": ""INVOICE_QUERY""}, {""source"": ""Lemma:catalog_fallback"", ""weight"": 0.192, ""detail"": ""facturar""}, {""source"": ""PhraseMatcher"", ""weight"": 0.26, ""detail"": ""SERVICIO:factura_electronica""}]}]",
caso_025,¿Puedo pagar con tarjeta?,pago,consultar_medio_pago,pago,consultar_medio_pago,0.99,resolved,False,False,resolved,,[],,,True,True,True,[],"[{""intent"": ""pago"", ""subintent"": ""consultar_medio_pago"", ""score"": 3.19, ""priority"": 75, ""reasons"": [{""source"": ""Matcher"", ""weight"": 0.55, ""detail"": ""PAYMENT_QUERY""}, {""source"": ""Matcher"", ""weight"": 0.55, ""detail"": ""PAYMENT_QUERY""}, {""source"": ""Matcher"", ""weight"": 0.55, ""detail"": ""PAYMENT_QUERY""}, {""source"": ""Matcher"", ""weight"": 0.55, ""detail"": ""PAYMENT_QUERY""}, {""source"": ""Matcher"", ""weight"": 0.55, ""detail"": ""PAYMENT_QUERY""}, {""source"": ""Lemma:catalog_fallback"", ""weight"": 0.16, ""detail"": ""pagar""}, {""source"": ""PhraseMatcher"", ""weight"": 0.28, ""detail"": ""MEDIO_PAGO:tarjeta""}]}]",
caso_026,Envíame la carta en PDF.,menu,solicitar_menu,menu,solicitar_menu,0.49580894229678274,resolved,False,False,resolved,,[],,,True,True,True,[],"[{""intent"": ""menu"", ""subintent"": ""solicitar_menu"", ""score"": 0.428, ""priority"": 80, ""reasons"": [{""source"": ""Lemma:catalog_fallback"", ""weight"": 0.128, ""detail"": ""enviar""}, {""source"": ""PhraseMatcher"", ""weight"": 0.3, ""detail"": ""SERVICIO:menu_pdf""}]}]",
caso_028,"Sí, reenvíala.",menu,reenviar_menu,menu,reenviar_menu,0.7530081651035623,resolved,False,False,resolved,,[],,,True,True,True,[],"[{""intent"": ""menu"", ""subintent"": ""reenviar_menu"", ""score"": 0.874, ""priority"": 80, ""reasons"": [{""source"": ""Matcher"", ""weight"": 0.65, ""detail"": ""MENU_RETRY""}, {""source"": ""Lemma:catalog_fallback"", ""weight"": 0.224, ""detail"": ""reenviar""}]}]",
caso_029,¿Qué trae la cazuela mixta?,catalogo,consultar_detalle_producto,catalogo,consultar_detalle_producto,0.5044068743073485,resolved,False,False,resolved,,[],,,True,True,True,[],"[{""intent"": ""catalogo"", ""subintent"": ""consultar_detalle_producto"", ""score"": 0.5, ""priority"": 70, ""reasons"": [{""source"": ""Matcher"", ""weight"": 0.5, ""detail"": ""PRODUCT_DETAIL_WHAT_HAS""}]}, {""intent"": ""catalogo"", ""subintent"": ""consultar_producto"", ""score"": 0.14, ""priority"": 70, ""reasons"": [{""source"": ""PhraseMatcher"", ""weight"": 0.14, ""detail"": ""PRODUCTO_ESPECIFICO:cazuela_mixta""}]}]",
caso_031,Quiero dos arroces con camarón y una cazuela.,pedido,agregar_productos_pedido,catalogo,consultar_producto,0.22740476789307196,ambiguous,True,True,needs_user_clarification,close_candidates,[],close_candidates,Tu mensaje admite dos interpretaciones. ¿Qué deseas hacer?,False,False,True,[],"[{""intent"": ""catalogo"", ""subintent"": ""consultar_producto"", ""score"": 0.24, ""priority"": 70, ""reasons"": [{""source"": ""PhraseMatcher"", ""weight"": 0.12, ""detail"": ""PRODUCTO_BASE:camaron""}, {""source"": ""PhraseMatcher"", ""weight"": 0.12, ""detail"": ""PRODUCTO_BASE:cazuela""}]}, {""intent"": ""catalogo"", ""subintent"": ""consultar_categoria"", ""score"": 0.18, ""priority"": 70, ""reasons"": [{""source"": ""PhraseMatcher"", ""weight"": 0.18, ""detail"": ""CATEGORIA:arroces""}]}, {""intent"": ""pedido"", ""subintent"": ""iniciar_pedido"", ""score"": 0.096, ""priority"": 90, ""reasons"": [{""source"": ""Lemma:catalog_fallback"", ""weight"": 0.096, ""detail"": ""querer""}]}]",
caso_032,¿Pueden llegar a la una en punto?,operacion,consultar_pedido_programado,operacion,consultar_pedido_programado,0.6171071140248879,needs_business_lookup,True,True,needs_business_lookup,needs_business_lookup,[],scheduled_order_lookup,Debo confirmar si el restaurante puede atender la hora solicitada.,True,True,True,[],"[{""intent"": ""operacion"", ""subintent"": ""consultar_pedido_programado"", ""score"": 0.6, ""priority"": 55, ""reasons"": [{""source"": ""Matcher"", ""weight"": 0.6, ""detail"": ""SCHEDULED_ORDER""}]}]",
caso_033,¿Cuál plato sale más rápido?,recomendacion,solicitar_recomendacion,recomendacion,solicitar_recomendacion,0.5918008047220773,resolved,True,False,resolved,,[],,,True,True,False,[],"[{""intent"": ""recomendacion"", ""subintent"": ""solicitar_recomendacion"", ""score"": 0.56, ""priority"": 65, ""reasons"": [{""source"": ""Matcher"", ""weight"": 0.56, ""detail"": ""RECOMMENDATION_QUALITY""}]}]",
caso_034,¿La trucha a la plancha está disponible?,catalogo,consultar_disponibilidad_producto,catalogo,consultar_disponibilidad_producto,0.99,resolved,False,False,resolved,,[],,,True,True,True,[],"[{""intent"": ""catalogo"", ""subintent"": ""consultar_disponibilidad_producto"", ""score"": 3.184, ""priority"": 70, ""reasons"": [{""source"": ""Matcher"", ""weight"": 0.76, ""detail"": ""AVAILABILITY_PRODUCT_TRAILING""}, {""source"": ""Matcher"", ""weight"": 0.76, ""detail"": ""AVAILABILITY_PRODUCT_TRAILING""}, {""source"": ""Matcher"", ""weight"": 0.76, ""detail"": ""AVAILABILITY_PRODUCT_TRAILING""}, {""source"": ""Matcher"", ""weight"": 0.76, ""detail"": ""AVAILABILITY_PRODUCT_TRAILING""}, {""source"": ""Lemma:catalog_fallback"", ""weight"": 0.144, ""detail"": ""disponer""}]}, {""intent"": ""catalogo"", ""subintent"": ""consultar_producto"", ""score"": 0.14, ""priority"": 70, ""reasons"": [{""source"": ""PhraseMatcher"", ""weight"": 0.14, ""detail"": ""PRODUCTO_ESPECIFICO:trucha_a_la_plancha""}]}, {""intent"": ""catalogo"", ""subintent"": ""consultar_preparacion"", ""score"": 0.1, ""priority"": 70, ""reasons"": [{""source"": ""PhraseMatcher"", ""weight"": 0.1, ""detail"": ""PREPARACION:a_la_plancha""}]}]",
caso_036,¿Me separan cada pedido?,operacion,consultar_empaque,operacion,consultar_empaque,0.5452466068320598,needs_business_lookup,True,True,needs_business_lookup,needs_business_lookup,[],packaging_business_lookup,Debo confirmar con el restaurante si puede preparar el empaque solicitado.,True,True,True,[],"[{""intent"": ""operacion"", ""subintent"": ""consultar_empaque"", ""score"": 0.58, ""priority"": 55, ""reasons"": [{""source"": ""Matcher"", ""weight"": 0.58, ""detail"": ""PACKAGING_QUERY""}]}, {""intent"": ""reserva_evento"", ""subintent"": ""solicitar_reserva"", ""score"": 0.2, ""priority"": 75, ""reasons"": [{""source"": ""Lemma:catalog_fallback"", ""weight"": 0.2, ""detail"": ""reservar""}]}, {""intent"": ""pedido"", ""subintent"": ""iniciar_pedido"", ""score"": 0.192, ""priority"": 90, ""reasons"": [{""source"": ""Lemma:catalog_fallback"", ""weight"": 0.192, ""detail"": ""pedir""}]}]",
caso_037,¿Dónde quedan exactamente?,horario_ubicacion,consultar_ubicacion,horario_ubicacion,consultar_ubicacion,0.8396505848205628,resolved,False,False,resolved,,[],,,True,True,True,[],"[{""intent"": ""horario_ubicacion"", ""subintent"": ""consultar_ubicacion"", ""score"": 1.144, ""priority"": 60, ""reasons"": [{""source"": ""Matcher"", ""weight"": 0.5, ""detail"": ""LOCATION_QUERY""}, {""source"": ""Matcher"", ""weight"": 0.5, ""detail"": ""LOCATION_QUERY""}, {""source"": ""Lemma:catalog_fallback"", ""weight"": 0.144, ""detail"": ""quedar""}]}]",
caso_038,¿Tienen parqueadero?,horario_ubicacion,consultar_parqueadero,horario_ubicacion,consultar_parqueadero,0.8861416332577011,resolved,False,False,resolved,,[],,,True,True,True,[],"[{""intent"": ""horario_ubicacion"", ""subintent"": ""consultar_parqueadero"", ""score"": 1.4, ""priority"": 60, ""reasons"": [{""source"": ""Matcher"", ""weight"": 0.58, ""detail"": ""PARKING_QUERY""}, {""source"": ""Matcher"", ""weight"": 0.58, ""detail"": ""PARKING_QUERY""}, {""source"": ""PhraseMatcher"", ""weight"": 0.24, ""detail"": ""SERVICIO:parqueadero""}]}, {""intent"": ""catalogo"", ""subintent"": ""consultar_producto"", ""score"": 0.096, ""priority"": 70, ""reasons"": [{""source"": ""Lemma:catalog_fallback"", ""weight"": 0.096, ""detail"": ""tener""}]}]",
caso_040,"Perfecto, muchas gracias.",social,agradecer,social,agradecer,0.7777605778285596,resolved,False,False,resolved,,[],,,True,True,True,[],"[{""intent"": ""social"", ""subintent"": ""agradecer"", ""score"": 0.94, ""priority"": 10, ""reasons"": [{""source"": ""Matcher"", ""weight"": 0.7, ""detail"": ""THANKS""}, {""source"": ""Lemma:catalog_fallback"", ""weight"": 0.24, ""detail"": ""agradecer""}]}]",
caso_042,¿La mojarra tiene muchas espinas?,catalogo,consultar_detalle_producto,catalogo,consultar_detalle_producto,0.9780019177526853,resolved,True,False,resolved,,[],,,True,True,False,[],"[{""intent"": ""catalogo"", ""subintent"": ""consultar_detalle_producto"", ""score"": 2.48, ""priority"": 70, ""reasons"": [{""source"": ""Matcher"", ""weight"": 0.62, ""detail"": ""PRODUCT_DETAIL_CONTENT""}, {""source"": ""Matcher"", ""weight"": 0.62, ""detail"": ""PRODUCT_DETAIL_CONTENT""}, {""source"": ""Matcher"", ""weight"": 0.62, ""detail"": ""PRODUCT_DETAIL_CONTENT""}, {""source"": ""Matcher"", ""weight"": 0.62, ""detail"": ""PRODUCT_DETAIL_CONTENT""}]}, {""intent"": ""catalogo"", ""subintent"": ""consultar_producto"", ""score"": 0.216, ""priority"": 70, ""reasons"": [{""source"": ""Lemma:catalog_fallback"", ""weight"": 0.096, ""detail"": ""tener""}, {""source"": ""PhraseMatcher"", ""weight"": 0.12, ""detail"": ""PRODUCTO_BASE:mojarra""}]}]",
caso_045,¿Tienen parqueadero?,horario_ubicacion,consultar_parqueadero,horario_ubicacion,consultar_parqueadero,0.8861416332577011,resolved,False,False,resolved,,[],,,True,True,True,[],"[{""intent"": ""horario_ubicacion"", ""subintent"": ""consultar_parqueadero"", ""score"": 1.4, ""priority"": 60, ""reasons"": [{""source"": ""Matcher"", ""weight"": 0.58, ""detail"": ""PARKING_QUERY""}, {""source"": ""Matcher"", ""weight"": 0.58, ""detail"": ""PARKING_QUERY""}, {""source"": ""PhraseMatcher"", ""weight"": 0.24, ""detail"": ""SERVICIO:parqueadero""}]}, {""intent"": ""catalogo"", ""subintent"": ""consultar_producto"", ""score"": 0.096, ""priority"": 70, ""reasons"": [{""source"": ""Lemma:catalog_fallback"", ""weight"": 0.096, ""detail"": ""tener""}]}]",
caso_048,"Vuelva y me lo manda, por favor.",menu,reenviar_menu,menu,reenviar_menu,0.5944049374583331,resolved,False,False,resolved,,[],,,True,True,True,[],"[{""intent"": ""menu"", ""subintent"": ""reenviar_menu"", ""score"": 0.62, ""priority"": 80, ""reasons"": [{""source"": ""Matcher"", ""weight"": 0.62, ""detail"": ""MENU_RETRY_PERIPHRASTIC""}]}, {""intent"": ""menu"", ""subintent"": ""solicitar_menu"", ""score"": 0.128, ""priority"": 80, ""reasons"": [{""source"": ""Lemma:catalog_fallback"", ""weight"": 0.128, ""detail"": ""enviar""}]}]",
caso_049,¿Cuánto cuesta el salmón?,precio,consultar_precio_producto,precio,consultar_precio_producto,0.8420694658640162,resolved,False,False,resolved,,[],,,True,True,True,"[""PRIORITY_PRICE_OVER_WANT""]","[{""intent"": ""precio"", ""subintent"": ""consultar_precio_producto"", ""score"": 1.206, ""priority"": 95, ""reasons"": [{""source"": ""Matcher"", ""weight"": 0.55, ""detail"": ""PRICE_Q_WH""}, {""source"": ""Lemma:catalog_fallback"", ""weight"": 0.176, ""detail"": ""costar""}, {""source"": ""PriorityRule"", ""weight"": 0.48, ""detail"": ""explicit_price_with_product""}]}, {""intent"": ""catalogo"", ""subintent"": ""consultar_producto"", ""score"": 0.12, ""priority"": 70, ""reasons"": [{""source"": ""PhraseMatcher"", ""weight"": 0.12, ""detail"": ""PRODUCTO_BASE:salmon""}]}]",
caso_052,¿Tienen menú infantil?,operacion,consultar_servicio,operacion,consultar_servicio,0.24783532778846562,resolved,False,False,resolved,,[],,,True,True,True,[],"[{""intent"": ""operacion"", ""subintent"": ""consultar_servicio"", ""score"": 0.22, ""priority"": 55, ""reasons"": [{""source"": ""PhraseMatcher"", ""weight"": 0.22, ""detail"": ""SERVICIO:menu_infantil""}]}, {""intent"": ""catalogo"", ""subintent"": ""consultar_producto"", ""score"": 0.096, ""priority"": 70, ""reasons"": [{""source"": ""Lemma:catalog_fallback"", ""weight"": 0.096, ""detail"": ""tener""}]}]",
caso_055,¿Puedo reservar una mesa para cinco?,reserva_evento,solicitar_reserva,reserva_evento,solicitar_reserva,0.7129216201542983,needs_user_clarification,True,True,needs_user_clarification,"missing:date,time","[""date"", ""time""]",missing_reservation_date,¿Para qué fecha necesitas la reserva?,True,True,True,[],"[{""intent"": ""reserva_evento"", ""subintent"": ""solicitar_reserva"", ""score"": 0.78, ""priority"": 75, ""reasons"": [{""source"": ""Matcher"", ""weight"": 0.58, ""detail"": ""RESERVATION_REQUEST""}, {""source"": ""Lemma:catalog_fallback"", ""weight"": 0.2, ""detail"": ""reservar""}]}]",
caso_056,¿La reserva cuesta?,reserva_evento,consultar_reserva,reserva_evento,consultar_reserva,0.6651256861188697,resolved,False,False,resolved,,[],,,True,True,True,"[""PRIORITY_RESERVATION_CONDITIONS""]","[{""intent"": ""reserva_evento"", ""subintent"": ""consultar_reserva"", ""score"": 1.13, ""priority"": 75, ""reasons"": [{""source"": ""Matcher"", ""weight"": 0.58, ""detail"": ""RESERVATION_CONDITIONS""}, {""source"": ""PriorityRule"", ""weight"": 0.55, ""detail"": ""reservation_conditions""}]}, {""intent"": ""reserva_evento"", ""subintent"": ""solicitar_reserva"", ""score"": 1.02, ""priority"": 75, ""reasons"": [{""source"": ""Matcher"", ""weight"": 0.58, ""detail"": ""RESERVATION_REQUEST""}, {""source"": ""Lemma:catalog_fallback"", ""weight"": 0.2, ""detail"": ""reservar""}, {""source"": ""PhraseMatcher"", ""weight"": 0.24, ""detail"": ""SERVICIO:reserva""}]}, {""intent"": ""precio"", ""subintent"": ""consultar_precio_producto"", ""score"": 0.176, ""priority"": 95, ""reasons"": [{""source"": ""Lemma:catalog_fallback"", ""weight"": 0.176, ""detail"": ""costar""}]}]",
caso_057,¿Abren el domingo?,horario_ubicacion,consultar_horario,horario_ubicacion,consultar_horario,0.7016834177993772,resolved,False,False,resolved,,[],,,True,True,True,[],"[{""intent"": ""horario_ubicacion"", ""subintent"": ""consultar_horario"", ""score"": 0.756, ""priority"": 60, ""reasons"": [{""source"": ""Matcher"", ""weight"": 0.52, ""detail"": ""SCHEDULE_QUERY""}, {""source"": ""Lemma:catalog_fallback"", ""weight"": 0.176, ""detail"": ""abrir""}, {""source"": ""EntityRuler"", ""weight"": 0.06, ""detail"": ""DIA_SEMANA:domingo""}]}]",
caso_059,Quiero una cazuela para compartir.,pedido,iniciar_pedido,pedido,iniciar_pedido,0.6312365878288526,needs_transaction_confirmation,True,True,needs_transaction_confirmation,needs_transaction_confirmation,[],confirm_order,Entendí el pedido. ¿Deseas que lo confirme con esos productos y cantidades?,True,True,True,[],"[{""intent"": ""pedido"", ""subintent"": ""iniciar_pedido"", ""score"": 0.676, ""priority"": 90, ""reasons"": [{""source"": ""Matcher"", ""weight"": 0.58, ""detail"": ""ORDER_WANT_PRODUCT""}, {""source"": ""Lemma:catalog_fallback"", ""weight"": 0.096, ""detail"": ""querer""}]}, {""intent"": ""catalogo"", ""subintent"": ""consultar_producto"", ""score"": 0.12, ""priority"": 70, ""reasons"": [{""source"": ""PhraseMatcher"", ""weight"": 0.12, ""detail"": ""PRODUCTO_BASE:cazuela""}]}]",
caso_060,"Listo, gracias por la información.",social,agradecer,social,agradecer,0.7777605778285596,resolved,False,False,resolved,,[],,,True,True,True,[],"[{""intent"": ""social"", ""subintent"": ""agradecer"", ""score"": 0.94, ""priority"": 10, ""reasons"": [{""source"": ""Matcher"", ""weight"": 0.7, ""detail"": ""THANKS""}, {""source"": ""Lemma:catalog_fallback"", ""weight"": 0.24, ""detail"": ""agradecer""}]}]",
caso_062,¿Cuál preparan sin apanado?,catalogo,consultar_preparacion,catalogo,consultar_preparacion,0.8040704258730907,resolved,False,False,resolved,,[],,,True,True,True,"[""PRIORITY_PREPARATION_QUERY"", ""PRIORITY_NEGATION_MODIFICATION""]","[{""intent"": ""catalogo"", ""subintent"": ""consultar_preparacion"", ""score"": 1.5, ""priority"": 70, ""reasons"": [{""source"": ""Matcher"", ""weight"": 0.54, ""detail"": ""PREPARATION_SEARCH""}, {""source"": ""Matcher"", ""weight"": 0.54, ""detail"": ""PREPARATION_SEARCH""}, {""source"": ""PhraseMatcher"", ""weight"": 0.1, ""detail"": ""PREPARACION:sin_apanar""}, {""source"": ""PriorityRule"", ""weight"": 0.32, ""detail"": ""preparation_question_over_modification""}]}, {""intent"": ""pedido"", ""subintent"": ""solicitar_modificacion"", ""score"": 1.1, ""priority"": 90, ""reasons"": [{""source"": ""Matcher"", ""weight"": 0.62, ""detail"": ""MODIFICATION_REMOVE""}, {""source"": ""PriorityRule"", ""weight"": 0.48, ""detail"": ""negation_modification""}]}, {""intent"": ""catalogo"", ""subintent"": ""consultar_categoria_por_restriccion"", ""score"": 0.82, ""priority"": 70, ""reasons"": [{""source"": ""Matcher"", ""weight"": 0.82, ""detail"": ""CATEGORY_DIETARY_RESTRICTION""}]}, {""intent"": ""catalogo"", ""subintent"": ""consultar_preparacion_producto"", ""score"": 0.16, ""priority"": 70, ""reasons"": [{""source"": ""Lemma:catalog_fallback"", ""weight"": 0.16, ""detail"": ""preparar""}]}]",
caso_063,¿Tienen algo a la plancha?,catalogo,consultar_preparacion,catalogo,consultar_preparacion,0.902898649942815,resolved,False,False,resolved,,[],,,True,True,True,[],"[{""intent"": ""catalogo"", ""subintent"": ""consultar_preparacion"", ""score"": 1.72, ""priority"": 70, ""reasons"": [{""source"": ""Matcher"", ""weight"": 0.54, ""detail"": ""PREPARATION_SEARCH""}, {""source"": ""Matcher"", ""weight"": 0.54, ""detail"": ""PREPARATION_SEARCH""}, {""source"": ""Matcher"", ""weight"": 0.54, ""detail"": ""PREPARATION_SEARCH""}, {""source"": ""PhraseMatcher"", ""weight"": 0.1, ""detail"": ""PREPARACION:a_la_plancha""}]}, {""intent"": ""pedido"", ""subintent"": ""seleccionar_preparacion"", ""score"": 0.6, ""priority"": 90, ""reasons"": [{""source"": ""Matcher"", ""weight"": 0.6, ""detail"": ""ORDER_SELECT_PREPARATION""}]}, {""intent"": ""catalogo"", ""subintent"": ""consultar_producto"", ""score"": 0.096, ""priority"": 70, ""reasons"": [{""source"": ""Lemma:catalog_fallback"", ""weight"": 0.096, ""detail"": ""tener""}]}]",
caso_065,¿Ustedes abren el domingo?,horario_ubicacion,consultar_horario,horario_ubicacion,consultar_horario,0.7016834177993772,resolved,False,False,resolved,,[],,,True,True,True,[],"[{""intent"": ""horario_ubicacion"", ""subintent"": ""consultar_horario"", ""score"": 0.756, ""priority"": 60, ""reasons"": [{""source"": ""Matcher"", ""weight"": 0.52, ""detail"": ""SCHEDULE_QUERY""}, {""source"": ""Lemma:catalog_fallback"", ""weight"": 0.176, ""detail"": ""abrir""}, {""source"": ""EntityRuler"", ""weight"": 0.06, ""detail"": ""DIA_SEMANA:domingo""}]}]",
caso_069,¿Cuánto vale el bagre en salsa?,precio,consultar_precio_producto,precio,consultar_precio_producto,0.972445791598398,resolved,False,False,resolved,,[],,,True,True,True,"[""PRIORITY_PRICE_OVER_WANT""]","[{""intent"": ""precio"", ""subintent"": ""consultar_precio_producto"", ""score"": 2.306, ""priority"": 95, ""reasons"": [{""source"": ""Matcher"", ""weight"": 0.55, ""detail"": ""PRICE_Q_WH""}, {""source"": ""Matcher"", ""weight"": 0.55, ""detail"": ""PRICE_Q_WH""}, {""source"": ""Matcher"", ""weight"": 0.55, ""detail"": ""PRICE_Q_WH""}, {""source"": ""Lemma:catalog_fallback"", ""weight"": 0.176, ""detail"": ""valer""}, {""source"": ""PriorityRule"", ""weight"": 0.48, ""detail"": ""explicit_price_with_product""}]}, {""intent"": ""catalogo"", ""subintent"": ""consultar_producto"", ""score"": 0.14, ""priority"": 70, ""reasons"": [{""source"": ""PhraseMatcher"", ""weight"": 0.14, ""detail"": ""PRODUCTO_ESPECIFICO:bagre_en_salsa""}]}, {""intent"": ""catalogo"", ""subintent"": ""consultar_preparacion"", ""score"": 0.1, ""priority"": 70, ""reasons"": [{""source"": ""PhraseMatcher"", ""weight"": 0.1, ""detail"": ""PREPARACION:en_salsa""}]}, {""intent"": ""catalogo"", ""subintent"": ""consultar_detalle_producto"", ""score"": 0.06, ""priority"": 70, ""reasons"": [{""source"": ""PhraseMatcher"", ""weight"": 0.06, ""detail"": ""INGREDIENTE:salsa""}]}]",
caso_071,¿La trucha la hacen al vapor?,catalogo,consultar_preparacion_producto,catalogo,consultar_preparacion_producto,0.8842126546454512,resolved,False,False,resolved,,[],,,True,True,True,[],"[{""intent"": ""catalogo"", ""subintent"": ""consultar_preparacion_producto"", ""score"": 1.4, ""priority"": 70, ""reasons"": [{""source"": ""Matcher"", ""weight"": 0.7, ""detail"": ""PREPARATION_PRODUCT_VERBAL""}, {""source"": ""Matcher"", ""weight"": 0.7, ""detail"": ""PREPARATION_PRODUCT_VERBAL""}]}, {""intent"": ""catalogo"", ""subintent"": ""consultar_producto"", ""score"": 0.12, ""priority"": 70, ""reasons"": [{""source"": ""PhraseMatcher"", ""weight"": 0.12, ""detail"": ""PRODUCTO_BASE:trucha""}]}, {""intent"": ""catalogo"", ""subintent"": ""consultar_preparacion"", ""score"": 0.1, ""priority"": 70, ""reasons"": [{""source"": ""PhraseMatcher"", ""weight"": 0.1, ""detail"": ""PREPARACION:al_vapor""}]}]",
caso_072,¿Qué es a la marinera?,catalogo,consultar_definicion_preparacion,catalogo,consultar_definicion_preparacion,0.8981241129276123,resolved,False,False,resolved,,[],,,True,True,True,"[""PRIORITY_PREPARATION_DEFINITION""]","[{""intent"": ""catalogo"", ""subintent"": ""consultar_definicion_preparacion"", ""score"": 2.18, ""priority"": 70, ""reasons"": [{""source"": ""Matcher"", ""weight"": 0.6, ""detail"": ""PREPARATION_DEFINITION""}, {""source"": ""Matcher"", ""weight"": 0.6, ""detail"": ""PREPARATION_DEFINITION""}, {""source"": ""Matcher"", ""weight"": 0.6, ""detail"": ""PREPARATION_DEFINITION""}, {""source"": ""PriorityRule"", ""weight"": 0.38, ""detail"": ""definition_question""}]}, {""intent"": ""catalogo"", ""subintent"": ""consultar_preparacion"", ""score"": 1.72, ""priority"": 70, ""reasons"": [{""source"": ""Matcher"", ""weight"": 0.54, ""detail"": ""PREPARATION_SEARCH""}, {""source"": ""Matcher"", ""weight"": 0.54, ""detail"": ""PREPARATION_SEARCH""}, {""source"": ""Matcher"", ""weight"": 0.54, ""detail"": ""PREPARATION_SEARCH""}, {""source"": ""PhraseMatcher"", ""weight"": 0.1, ""detail"": ""PREPARACION:a_la_marinera""}]}, {""intent"": ""pedido"", ""subintent"": ""seleccionar_preparacion"", ""score"": 0.6, ""priority"": 90, ""reasons"": [{""source"": ""Matcher"", ""weight"": 0.6, ""detail"": ""ORDER_SELECT_PREPARATION""}]}]",
caso_073,"¿Cuál es más suave, el bagre o la trucha?",catalogo,comparar_productos,catalogo,comparar_productos,0.6140316856257578,needs_business_lookup,True,True,needs_business_lookup,needs_business_lookup,[],comparison_lookup,Debo consultar la información de los platos para compararlos con ese criterio.,True,True,True,"[""PRIORITY_PRODUCT_COMPARISON""]","[{""intent"": ""catalogo"", ""subintent"": ""comparar_productos"", ""score"": 0.7, ""priority"": 70, ""reasons"": [{""source"": ""PriorityRule"", ""weight"": 0.7, ""detail"": ""explicit_product_comparison""}]}, {""intent"": ""catalogo"", ""subintent"": ""consultar_producto"", ""score"": 0.24, ""priority"": 70, ""reasons"": [{""source"": ""PhraseMatcher"", ""weight"": 0.12, ""detail"": ""PRODUCTO_BASE:bagre""}, {""source"": ""PhraseMatcher"", ""weight"": 0.12, ""detail"": ""PRODUCTO_BASE:trucha""}]}]",
caso_074,¿Puedo pedir sin ajo?,pedido,solicitar_modificacion,pedido,solicitar_modificacion,0.8032064363639148,needs_transaction_confirmation,True,True,needs_transaction_confirmation,needs_transaction_confirmation,[],confirm_modification,¿Confirmas esa modificación?,True,True,True,"[""PRIORITY_NEGATION_MODIFICATION""]","[{""intent"": ""pedido"", ""subintent"": ""solicitar_modificacion"", ""score"": 1.1, ""priority"": 90, ""reasons"": [{""source"": ""Matcher"", ""weight"": 0.62, ""detail"": ""MODIFICATION_REMOVE""}, {""source"": ""PriorityRule"", ""weight"": 0.48, ""detail"": ""negation_modification""}]}, {""intent"": ""pedido"", ""subintent"": ""iniciar_pedido"", ""score"": 0.192, ""priority"": 90, ""reasons"": [{""source"": ""Lemma:catalog_fallback"", ""weight"": 0.192, ""detail"": ""pedir""}]}, {""intent"": ""catalogo"", ""subintent"": ""consultar_detalle_producto"", ""score"": 0.06, ""priority"": 70, ""reasons"": [{""source"": ""PhraseMatcher"", ""weight"": 0.06, ""detail"": ""INGREDIENTE:ajo""}]}]",
caso_077,¿Dónde están ubicados?,horario_ubicacion,consultar_ubicacion,horario_ubicacion,consultar_ubicacion,0.8354926452418212,resolved,False,False,resolved,,[],,,True,True,True,[],"[{""intent"": ""horario_ubicacion"", ""subintent"": ""consultar_ubicacion"", ""score"": 1.128, ""priority"": 60, ""reasons"": [{""source"": ""Matcher"", ""weight"": 0.5, ""detail"": ""LOCATION_QUERY""}, {""source"": ""Matcher"", ""weight"": 0.5, ""detail"": ""LOCATION_QUERY""}, {""source"": ""Lemma:catalog_fallback"", ""weight"": 0.128, ""detail"": ""ubicar""}]}]",
caso_078,Quiero reservar para el domingo al mediodía.,reserva_evento,solicitar_reserva,reserva_evento,solicitar_reserva,0.8786164606806354,needs_user_clarification,True,True,needs_user_clarification,missing:party_size,"[""party_size""]",missing_party_size,¿Para cuántas personas sería?,True,True,True,[],"[{""intent"": ""reserva_evento"", ""subintent"": ""solicitar_reserva"", ""score"": 1.36, ""priority"": 75, ""reasons"": [{""source"": ""Matcher"", ""weight"": 0.58, ""detail"": ""RESERVATION_REQUEST""}, {""source"": ""Matcher"", ""weight"": 0.58, ""detail"": ""RESERVATION_REQUEST""}, {""source"": ""Lemma:catalog_fallback"", ""weight"": 0.2, ""detail"": ""reservar""}]}, {""intent"": ""pedido"", ""subintent"": ""iniciar_pedido"", ""score"": 0.096, ""priority"": 90, ""reasons"": [{""source"": ""Lemma:catalog_fallback"", ""weight"": 0.096, ""detail"": ""querer""}]}, {""intent"": ""horario_ubicacion"", ""subintent"": ""consultar_horario"", ""score"": 0.06, ""priority"": 60, ""reasons"": [{""source"": ""EntityRuler"", ""weight"": 0.06, ""detail"": ""DIA_SEMANA:domingo""}]}]",
caso_079,¿Tienen baño para clientes?,horario_ubicacion,consultar_instalacion,horario_ubicacion,consultar_instalacion,0.5563857941453123,needs_business_lookup,True,True,needs_business_lookup,needs_business_lookup,[],installation_lookup,Debo confirmar esa condición de las instalaciones con el restaurante.,True,True,True,[],"[{""intent"": ""horario_ubicacion"", ""subintent"": ""consultar_instalacion"", ""score"": 0.55, ""priority"": 60, ""reasons"": [{""source"": ""Matcher"", ""weight"": 0.55, ""detail"": ""INSTALLATION_QUERY""}]}, {""intent"": ""catalogo"", ""subintent"": ""consultar_producto"", ""score"": 0.096, ""priority"": 70, ""reasons"": [{""source"": ""Lemma:catalog_fallback"", ""weight"": 0.096, ""detail"": ""tener""}]}]",
caso_081,¿Hoy sí tienen mapará?,catalogo,consultar_disponibilidad_producto,catalogo,consultar_disponibilidad_producto,0.6667292312384068,resolved,False,False,resolved,,[],,,True,True,True,"[""PRIORITY_TEMPORAL_AVAILABILITY""]","[{""intent"": ""catalogo"", ""subintent"": ""consultar_disponibilidad_producto"", ""score"": 1.0, ""priority"": 70, ""reasons"": [{""source"": ""Matcher"", ""weight"": 0.58, ""detail"": ""AVAILABILITY_TEMPORAL""}, {""source"": ""PriorityRule"", ""weight"": 0.42, ""detail"": ""temporal_availability""}]}, {""intent"": ""catalogo"", ""subintent"": ""consultar_producto"", ""score"": 0.716, ""priority"": 70, ""reasons"": [{""source"": ""Matcher"", ""weight"": 0.5, ""detail"": ""CATALOG_PRODUCT_OFFER""}, {""source"": ""Lemma:catalog_fallback"", ""weight"": 0.096, ""detail"": ""tener""}, {""source"": ""PhraseMatcher"", ""weight"": 0.12, ""detail"": ""PRODUCTO_BASE:mapara""}]}]",
caso_082,Deme el mismo de la vez pasada.,pedido,repetir_pedido,pedido,repetir_pedido,0.9014114352238117,needs_user_clarification,True,True,needs_user_clarification,missing:context_order,"[""context_order""]",missing_previous_order,No encuentro un pedido anterior. ¿Qué deseas repetir?,True,True,True,[],"[{""intent"": ""pedido"", ""subintent"": ""repetir_pedido"", ""score"": 1.448, ""priority"": 90, ""reasons"": [{""source"": ""Matcher"", ""weight"": 0.66, ""detail"": ""ORDER_REPEAT""}, {""source"": ""Matcher"", ""weight"": 0.66, ""detail"": ""ORDER_REPEAT""}, {""source"": ""Lemma:catalog_fallback"", ""weight"": 0.128, ""detail"": ""repetir""}]}]",
caso_084,¿Me lo manda para la misma dirección?,domicilio,usar_direccion_previa,domicilio,usar_direccion_previa,0.99,needs_user_clarification,True,True,needs_user_clarification,missing:context_address,"[""context_address""]",missing_previous_address,No encuentro una dirección anterior. ¿A qué dirección debemos enviarlo?,True,True,True,[],"[{""intent"": ""domicilio"", ""subintent"": ""usar_direccion_previa"", ""score"": 5.04, ""priority"": 75, ""reasons"": [{""source"": ""Matcher"", ""weight"": 0.72, ""detail"": ""DELIVERY_PREVIOUS_ADDRESS""}, {""source"": ""Matcher"", ""weight"": 0.72, ""detail"": ""DELIVERY_PREVIOUS_ADDRESS""}, {""source"": ""Matcher"", ""weight"": 0.72, ""detail"": ""DELIVERY_PREVIOUS_ADDRESS""}, {""source"": ""Matcher"", ""weight"": 0.72, ""detail"": ""DELIVERY_PREVIOUS_ADDRESS""}, {""source"": ""Matcher"", ""weight"": 0.72, ""detail"": ""DELIVERY_PREVIOUS_ADDRESS""}, {""source"": ""Matcher"", ""weight"": 0.72, ""detail"": ""DELIVERY_PREVIOUS_ADDRESS""}, {""source"": ""Matcher"", ""weight"": 0.72, ""detail"": ""DELIVERY_PREVIOUS_ADDRESS""}]}, {""intent"": ""horario_ubicacion"", ""subintent"": ""consultar_ubicacion"", ""score"": 0.52, ""priority"": 60, ""reasons"": [{""source"": ""Matcher"", ""weight"": 0.52, ""detail"": ""LOCATION_ADDRESS_REFERENCE""}]}, {""intent"": ""pedido"", ""subintent"": ""repetir_pedido"", ""score"": 0.128, ""priority"": 90, ""reasons"": [{""source"": ""Lemma:catalog_fallback"", ""weight"": 0.128, ""detail"": ""repetir""}]}, {""intent"": ""menu"", ""subintent"": ""solicitar_menu"", ""score"": 0.128, ""priority"": 80, ""reasons"": [{""source"": ""Lemma:catalog_fallback"", ""weight"": 0.128, ""detail"": ""enviar""}]}]",
caso_091,Mándeme dos mojarras fritas.,pedido,agregar_productos_pedido,,,0.0,unknown,True,True,needs_user_clarification,no_evidence,[],no_evidence,No pude identificar la solicitud. ¿Qué deseas consultar o pedir?,False,False,True,[],[],
caso_092,"La de siempre, pero sin salsa.",pedido,solicitar_modificacion,pedido,solicitar_modificacion,0.8075656072059925,needs_transaction_confirmation,True,True,needs_transaction_confirmation,needs_transaction_confirmation,[],confirm_modification,¿Confirmas esa modificación?,True,True,True,"[""CTX_PRODUCTO_ACTIVO"", ""PRIORITY_NEGATION_MODIFICATION""]","[{""intent"": ""pedido"", ""subintent"": ""solicitar_modificacion"", ""score"": 1.1, ""priority"": 90, ""reasons"": [{""source"": ""Matcher"", ""weight"": 0.62, ""detail"": ""MODIFICATION_REMOVE""}, {""source"": ""PriorityRule"", ""weight"": 0.48, ""detail"": ""negation_modification""}]}, {""intent"": ""pedido"", ""subintent"": ""seleccionar_preparacion"", ""score"": 0.16, ""priority"": 90, ""reasons"": [{""source"": ""Context"", ""weight"": 0.16, ""detail"": ""producto_activo:trucha""}]}, {""intent"": ""catalogo"", ""subintent"": ""consultar_detalle_producto"", ""score"": 0.06, ""priority"": 70, ""reasons"": [{""source"": ""PhraseMatcher"", ""weight"": 0.06, ""detail"": ""INGREDIENTE:salsa""}]}]",
caso_095,¿Hay sancocho de bagre?,catalogo,consultar_disponibilidad_producto,catalogo,consultar_disponibilidad_producto,0.8829085470069479,resolved,False,False,resolved,,[],,,True,True,True,[],"[{""intent"": ""catalogo"", ""subintent"": ""consultar_disponibilidad_producto"", ""score"": 2.1, ""priority"": 70, ""reasons"": [{""source"": ""Matcher"", ""weight"": 0.7, ""detail"": ""AVAILABILITY_SPECIFIC_EXISTENCE""}, {""source"": ""Matcher"", ""weight"": 0.7, ""detail"": ""AVAILABILITY_SPECIFIC_EXISTENCE""}, {""source"": ""Matcher"", ""weight"": 0.7, ""detail"": ""AVAILABILITY_SPECIFIC_EXISTENCE""}]}, {""intent"": ""catalogo"", ""subintent"": ""consultar_producto"", ""score"": 1.736, ""priority"": 70, ""reasons"": [{""source"": ""Matcher"", ""weight"": 0.5, ""detail"": ""CATALOG_PRODUCT_OFFER""}, {""source"": ""Matcher"", ""weight"": 0.5, ""detail"": ""CATALOG_PRODUCT_OFFER""}, {""source"": ""Matcher"", ""weight"": 0.5, ""detail"": ""CATALOG_PRODUCT_OFFER""}, {""source"": ""Lemma:catalog_fallback"", ""weight"": 0.096, ""detail"": ""haber""}, {""source"": ""PhraseMatcher"", ""weight"": 0.14, ""detail"": ""PRODUCTO_ESPECIFICO:sancocho_de_bagre""}]}]",
caso_096,¿Me reserva la mesa de siempre?,reserva_evento,solicitar_reserva,reserva_evento,solicitar_reserva,0.8044618934233051,needs_user_clarification,True,True,needs_user_clarification,"missing:date,time,party_size","[""date"", ""time"", ""party_size""]",missing_reservation_date,¿Para qué fecha necesitas la reserva?,True,True,True,[],"[{""intent"": ""reserva_evento"", ""subintent"": ""solicitar_reserva"", ""score"": 1.02, ""priority"": 75, ""reasons"": [{""source"": ""Matcher"", ""weight"": 0.58, ""detail"": ""RESERVATION_REQUEST""}, {""source"": ""Lemma:catalog_fallback"", ""weight"": 0.2, ""detail"": ""reservar""}, {""source"": ""PhraseMatcher"", ""weight"": 0.24, ""detail"": ""SERVICIO:reserva""}]}]",
caso_097,¿Qué cambió del menú?,menu,consultar_cambios_menu,menu,consultar_cambios_menu,0.5122732653742688,resolved,False,False,resolved,,[],,,True,True,True,[],"[{""intent"": ""menu"", ""subintent"": ""consultar_cambios_menu"", ""score"": 0.58, ""priority"": 80, ""reasons"": [{""source"": ""Matcher"", ""weight"": 0.58, ""detail"": ""MENU_CHANGES""}]}, {""intent"": ""menu"", ""subintent"": ""solicitar_menu"", ""score"": 0.3, ""priority"": 80, ""reasons"": [{""source"": ""PhraseMatcher"", ""weight"": 0.3, ""detail"": ""SERVICIO:menu_pdf""}]}]",
caso_098,¿La dirección es la misma?,horario_ubicacion,consultar_ubicacion,horario_ubicacion,consultar_ubicacion,0.7928682055184259,resolved,False,False,resolved,,[],,,True,True,True,[],"[{""intent"": ""horario_ubicacion"", ""subintent"": ""consultar_ubicacion"", ""score"": 1.04, ""priority"": 60, ""reasons"": [{""source"": ""Matcher"", ""weight"": 0.52, ""detail"": ""LOCATION_ADDRESS_REFERENCE""}, {""source"": ""Matcher"", ""weight"": 0.52, ""detail"": ""LOCATION_ADDRESS_REFERENCE""}]}, {""intent"": ""pedido"", ""subintent"": ""repetir_pedido"", ""score"": 0.128, ""priority"": 90, ""reasons"": [{""source"": ""Lemma:catalog_fallback"", ""weight"": 0.128, ""detail"": ""repetir""}]}]",
caso_099,Anote un arroz con camarón.,pedido,agregar_producto_pedido,pedido,agregar_producto_pedido,0.9463889459557785,needs_transaction_confirmation,True,True,needs_transaction_confirmation,needs_transaction_confirmation,[],confirm_order_change,¿Confirmas que deseas agregar ese producto al pedido?,True,True,True,[],"[{""intent"": ""pedido"", ""subintent"": ""agregar_producto_pedido"", ""score"": 1.89, ""priority"": 90, ""reasons"": [{""source"": ""Matcher"", ""weight"": 0.63, ""detail"": ""ORDER_ADD_SINGLE""}, {""source"": ""Matcher"", ""weight"": 0.63, ""detail"": ""ORDER_ADD_SINGLE""}, {""source"": ""Matcher"", ""weight"": 0.63, ""detail"": ""ORDER_ADD_SINGLE""}]}, {""intent"": ""catalogo"", ""subintent"": ""consultar_producto"", ""score"": 0.14, ""priority"": 70, ""reasons"": [{""source"": ""PhraseMatcher"", ""weight"": 0.14, ""detail"": ""PRODUCTO_ESPECIFICO:arroz_con_camaron""}]}, {""intent"": ""catalogo"", ""subintent"": ""consultar_detalle_producto"", ""score"": 0.06, ""priority"": 70, ""reasons"": [{""source"": ""PhraseMatcher"", ""weight"": 0.06, ""detail"": ""INGREDIENTE:arroz""}]}]",
caso_103,¿Tienen langostinos?,catalogo,consultar_producto,catalogo,consultar_producto,0.6819669592914043,resolved,False,False,resolved,,[],,,True,True,True,[],"[{""intent"": ""catalogo"", ""subintent"": ""consultar_producto"", ""score"": 0.716, ""priority"": 70, ""reasons"": [{""source"": ""Matcher"", ""weight"": 0.5, ""detail"": ""CATALOG_PRODUCT_OFFER""}, {""source"": ""Lemma:catalog_fallback"", ""weight"": 0.096, ""detail"": ""tener""}, {""source"": ""PhraseMatcher"", ""weight"": 0.12, ""detail"": ""PRODUCTO_BASE:langostino""}]}]",
caso_105,¿Pueden organizar un almuerzo empresarial?,reserva_evento,consultar_eventos,reserva_evento,consultar_eventos,0.29671987802365907,resolved,True,False,resolved,,[],,,True,True,False,[],"[{""intent"": ""reserva_evento"", ""subintent"": ""consultar_eventos"", ""score"": 0.22, ""priority"": 75, ""reasons"": [{""source"": ""PhraseMatcher"", ""weight"": 0.22, ""detail"": ""SERVICIO:eventos""}]}]",
caso_113,¿Puedo reservar un espacio privado?,reserva_evento,consultar_reserva,reserva_evento,solicitar_reserva,0.569152034772058,needs_user_clarification,True,True,needs_user_clarification,"missing:date,time","[""date"", ""time""]",missing_reservation_date,¿Para qué fecha necesitas la reserva?,True,False,True,[],"[{""intent"": ""reserva_evento"", ""subintent"": ""solicitar_reserva"", ""score"": 0.78, ""priority"": 75, ""reasons"": [{""source"": ""Matcher"", ""weight"": 0.58, ""detail"": ""RESERVATION_REQUEST""}, {""source"": ""Lemma:catalog_fallback"", ""weight"": 0.2, ""detail"": ""reservar""}]}, {""intent"": ""reserva_evento"", ""subintent"": ""consultar_reserva"", ""score"": 0.58, ""priority"": 75, ""reasons"": [{""source"": ""Matcher"", ""weight"": 0.58, ""detail"": ""RESERVATION_CONDITIONS""}]}]",
caso_114,¿Cuál es la capacidad máxima para eventos?,reserva_evento,consultar_eventos,reserva_evento,consultar_eventos,0.29671987802365907,resolved,False,False,resolved,,[],,,True,True,True,[],"[{""intent"": ""reserva_evento"", ""subintent"": ""consultar_eventos"", ""score"": 0.22, ""priority"": 75, ""reasons"": [{""source"": ""PhraseMatcher"", ""weight"": 0.22, ""detail"": ""SERVICIO:eventos""}]}]",
caso_116,¿El parqueadero tiene costo?,horario_ubicacion,consultar_parqueadero,horario_ubicacion,consultar_parqueadero,0.7120014979284015,resolved,False,False,resolved,,[],,,True,True,True,[],"[{""intent"": ""horario_ubicacion"", ""subintent"": ""consultar_parqueadero"", ""score"": 0.82, ""priority"": 60, ""reasons"": [{""source"": ""Matcher"", ""weight"": 0.58, ""detail"": ""PARKING_QUERY""}, {""source"": ""PhraseMatcher"", ""weight"": 0.24, ""detail"": ""SERVICIO:parqueadero""}]}, {""intent"": ""catalogo"", ""subintent"": ""consultar_producto"", ""score"": 0.096, ""priority"": 70, ""reasons"": [{""source"": ""Lemma:catalog_fallback"", ""weight"": 0.096, ""detail"": ""tener""}]}]",
caso_117,¿Pueden adaptar un plato sin camarón?,pedido,solicitar_modificacion,pedido,solicitar_modificacion,0.6451286679019725,needs_transaction_confirmation,True,True,needs_transaction_confirmation,needs_transaction_confirmation,[],confirm_modification,¿Confirmas esa modificación para Camarón?,True,True,True,[],"[{""intent"": ""pedido"", ""subintent"": ""solicitar_modificacion"", ""score"": 0.7, ""priority"": 90, ""reasons"": [{""source"": ""Matcher"", ""weight"": 0.7, ""detail"": ""MODIFICATION_ADAPT""}]}, {""intent"": ""catalogo"", ""subintent"": ""consultar_producto"", ""score"": 0.12, ""priority"": 70, ""reasons"": [{""source"": ""PhraseMatcher"", ""weight"": 0.12, ""detail"": ""PRODUCTO_BASE:camaron""}]}]",
caso_118,Necesito propuesta para veinte personas.,reserva_evento,solicitar_evento,reserva_evento,solicitar_evento,0.44345096558953523,needs_user_clarification,True,True,needs_user_clarification,missing:date,"[""date""]",missing_event_date,¿Para qué fecha estás planeando el evento?,True,True,True,[],"[{""intent"": ""reserva_evento"", ""subintent"": ""solicitar_evento"", ""score"": 0.62, ""priority"": 75, ""reasons"": [{""source"": ""Matcher"", ""weight"": 0.62, ""detail"": ""EVENT_PROPOSAL""}]}, {""intent"": ""pedido"", ""subintent"": ""iniciar_pedido_grupal"", ""score"": 0.58, ""priority"": 90, ""reasons"": [{""source"": ""Matcher"", ""weight"": 0.58, ""detail"": ""ORDER_GROUP_START""}]}]",
caso_119,¿Manejan factura electrónica?,operacion,consultar_facturacion,operacion,consultar_facturacion,0.99,needs_business_lookup,True,True,needs_business_lookup,needs_business_lookup,[],invoice_business_lookup,Debo validar las condiciones de facturación con el restaurante.,True,True,True,[],"[{""intent"": ""operacion"", ""subintent"": ""consultar_facturacion"", ""score"": 3.452, ""priority"": 55, ""reasons"": [{""source"": ""Matcher"", ""weight"": 0.6, ""detail"": ""INVOICE_QUERY""}, {""source"": ""Matcher"", ""weight"": 0.6, ""detail"": ""INVOICE_QUERY""}, {""source"": ""Matcher"", ""weight"": 0.6, ""detail"": ""INVOICE_QUERY""}, {""source"": ""Matcher"", ""weight"": 0.6, ""detail"": ""INVOICE_QUERY""}, {""source"": ""Matcher"", ""weight"": 0.6, ""detail"": ""INVOICE_QUERY""}, {""source"": ""Lemma:catalog_fallback"", ""weight"": 0.192, ""detail"": ""facturar""}, {""source"": ""PhraseMatcher"", ""weight"": 0.26, ""detail"": ""SERVICIO:factura_electronica""}]}]",
caso_125,quiero pesacado frito,pedido,iniciar_pedido,pedido,iniciar_pedido,0.5188614477792861,needs_transaction_confirmation,True,True,needs_transaction_confirmation,needs_transaction_confirmation,[],confirm_order,Entendí el pedido. ¿Deseas que lo confirme con esos productos y cantidades?,True,True,True,[],"[{""intent"": ""pedido"", ""subintent"": ""iniciar_pedido"", ""score"": 0.676, ""priority"": 90, ""reasons"": [{""source"": ""Matcher"", ""weight"": 0.58, ""detail"": ""ORDER_WANT_PRODUCT""}, {""source"": ""Lemma:catalog_fallback"", ""weight"": 0.096, ""detail"": ""querer""}]}, {""intent"": ""catalogo"", ""subintent"": ""consultar_preparacion_producto"", ""score"": 0.5, ""priority"": 70, ""reasons"": [{""source"": ""Matcher"", ""weight"": 0.5, ""detail"": ""PREPARATION_PRODUCT""}]}, {""intent"": ""catalogo"", ""subintent"": ""consultar_categoria"", ""score"": 0.18, ""priority"": 70, ""reasons"": [{""source"": ""PhraseMatcher"", ""weight"": 0.18, ""detail"": ""CATEGORIA:pescados""}]}, {""intent"": ""catalogo"", ""subintent"": ""consultar_producto"", ""score"": 0.12, ""priority"": 70, ""reasons"": [{""source"": ""PhraseMatcher"", ""weight"": 0.12, ""detail"": ""PRODUCTO_BASE:pescado""}]}, {""intent"": ""catalogo"", ""subintent"": ""consultar_preparacion"", ""score"": 0.1, ""priority"": 70, ""reasons"": [{""source"": ""PhraseMatcher"", ""weight"": 0.1, ""detail"": ""PREPARACION:frito""}]}]",
caso_131,tiene camaron,catalogo,consultar_producto,catalogo,consultar_producto,0.6819669592914043,resolved,False,False,resolved,,[],,,True,True,True,[],"[{""intent"": ""catalogo"", ""subintent"": ""consultar_producto"", ""score"": 0.716, ""priority"": 70, ""reasons"": [{""source"": ""Matcher"", ""weight"": 0.5, ""detail"": ""CATALOG_PRODUCT_OFFER""}, {""source"": ""Lemma:catalog_fallback"", ""weight"": 0.096, ""detail"": ""tener""}, {""source"": ""PhraseMatcher"", ""weight"": 0.12, ""detail"": ""PRODUCTO_BASE:camaron""}]}]",
caso_132,uno de esos,pedido,agregar_producto_pedido,pedido,indicar_cantidad,0.35079062331485267,resolved,True,False,resolved,,[],,,True,False,False,"[""CTX_PRODUCTO_ACTIVO"", ""CTX_CANTIDAD_PRODUCTO""]","[{""intent"": ""pedido"", ""subintent"": ""indicar_cantidad"", ""score"": 0.34, ""priority"": 90, ""reasons"": [{""source"": ""Context"", ""weight"": 0.34, ""detail"": ""cantidad_con_producto_activo""}]}, {""intent"": ""pedido"", ""subintent"": ""seleccionar_preparacion"", ""score"": 0.16, ""priority"": 90, ""reasons"": [{""source"": ""Context"", ""weight"": 0.16, ""detail"": ""producto_activo:trucha""}]}]",
caso_133,lo quiero en salsa,pedido,seleccionar_preparacion,pedido,seleccionar_preparacion,0.9769479367127745,resolved,False,False,resolved,,[],,,True,True,True,[],"[{""intent"": ""pedido"", ""subintent"": ""seleccionar_preparacion"", ""score"": 2.4, ""priority"": 90, ""reasons"": [{""source"": ""Matcher"", ""weight"": 0.6, ""detail"": ""ORDER_SELECT_PREPARATION""}, {""source"": ""Matcher"", ""weight"": 0.6, ""detail"": ""ORDER_SELECT_PREPARATION""}, {""source"": ""Matcher"", ""weight"": 0.6, ""detail"": ""ORDER_SELECT_PREPARATION_COMMAND""}, {""source"": ""Matcher"", ""weight"": 0.6, ""detail"": ""ORDER_SELECT_PREPARATION_COMMAND""}]}, {""intent"": ""catalogo"", ""subintent"": ""consultar_preparacion"", ""score"": 0.1, ""priority"": 70, ""reasons"": [{""source"": ""PhraseMatcher"", ""weight"": 0.1, ""detail"": ""PREPARACION:en_salsa""}]}, {""intent"": ""pedido"", ""subintent"": ""iniciar_pedido"", ""score"": 0.096, ""priority"": 90, ""reasons"": [{""source"": ""Lemma:catalog_fallback"", ""weight"": 0.096, ""detail"": ""querer""}]}, {""intent"": ""catalogo"", ""subintent"": ""consultar_detalle_producto"", ""score"": 0.06, ""priority"": 70, ""reasons"": [{""source"": ""PhraseMatcher"", ""weight"": 0.06, ""detail"": ""INGREDIENTE:salsa""}]}]",
caso_139,quiero dos mojaras,pedido,agregar_producto_pedido,,,0.0,unknown,True,True,needs_user_clarification,no_evidence,[],no_evidence,No pude identificar la solicitud. ¿Qué deseas consultar o pedir?,False,False,True,[],"[{""intent"": ""pedido"", ""subintent"": ""iniciar_pedido"", ""score"": 0.096, ""priority"": 90, ""reasons"": [{""source"": ""Lemma:catalog_fallback"", ""weight"": 0.096, ""detail"": ""querer""}]}]",
caso_144,precios,precio,consultar_precios_generales,precio,consultar_precios_generales,0.6431358136583312,needs_user_clarification,True,True,needs_user_clarification,missing:product,"[""product""]",missing_product_for_price,¿De cuál plato deseas conocer el precio?,True,True,True,[],"[{""intent"": ""precio"", ""subintent"": ""consultar_precios_generales"", ""score"": 0.644, ""priority"": 95, ""reasons"": [{""source"": ""Matcher"", ""weight"": 0.5, ""detail"": ""PRICE_GENERAL""}, {""source"": ""Lemma:catalog_fallback"", ""weight"": 0.144, ""detail"": ""precio""}]}]",
caso_145,qué hay,menu,consultar_menu_general,menu,consultar_menu_general,0.5038118055866931,resolved,False,False,resolved,,[],,,True,True,True,[],"[{""intent"": ""menu"", ""subintent"": ""consultar_menu_general"", ""score"": 0.48, ""priority"": 80, ""reasons"": [{""source"": ""Matcher"", ""weight"": 0.48, ""detail"": ""MENU_GENERAL""}]}, {""intent"": ""catalogo"", ""subintent"": ""consultar_producto"", ""score"": 0.096, ""priority"": 70, ""reasons"": [{""source"": ""Lemma:catalog_fallback"", ""weight"": 0.096, ""detail"": ""haber""}]}]",
caso_147,uno frito,pedido,seleccionar_preparacion,pedido,seleccionar_preparacion,0.514220275696115,resolved,True,False,resolved,,[],,,True,True,False,"[""CTX_CANTIDAD_PRODUCTO""]","[{""intent"": ""pedido"", ""subintent"": ""seleccionar_preparacion"", ""score"": 0.6, ""priority"": 90, ""reasons"": [{""source"": ""Matcher"", ""weight"": 0.6, ""detail"": ""ORDER_SELECT_PREPARATION""}]}, {""intent"": ""pedido"", ""subintent"": ""indicar_cantidad"", ""score"": 0.34, ""priority"": 90, ""reasons"": [{""source"": ""Context"", ""weight"": 0.34, ""detail"": ""cantidad_con_producto_activo""}]}, {""intent"": ""catalogo"", ""subintent"": ""consultar_preparacion"", ""score"": 0.1, ""priority"": 70, ""reasons"": [{""source"": ""PhraseMatcher"", ""weight"": 0.1, ""detail"": ""PREPARACION:frito""}]}]",
caso_153,2,pedido,indicar_cantidad,pedido,indicar_cantidad,0.6839958713081375,resolved,False,False,resolved,,[],,,True,True,True,"[""CTX_CANTIDAD_PRODUCTO""]","[{""intent"": ""pedido"", ""subintent"": ""indicar_cantidad"", ""score"": 0.72, ""priority"": 90, ""reasons"": [{""source"": ""Matcher"", ""weight"": 0.38, ""detail"": ""QUANTITY_ONLY""}, {""source"": ""Context"", ""weight"": 0.34, ""detail"": ""cantidad_con_producto_activo""}]}]",
caso_156,qué es marinera,catalogo,consultar_definicion_preparacion,catalogo,consultar_definicion_preparacion,0.6737202053769604,resolved,False,False,resolved,,[],,,True,True,True,"[""PRIORITY_PREPARATION_DEFINITION""]","[{""intent"": ""catalogo"", ""subintent"": ""consultar_definicion_preparacion"", ""score"": 0.98, ""priority"": 70, ""reasons"": [{""source"": ""Matcher"", ""weight"": 0.6, ""detail"": ""PREPARATION_DEFINITION""}, {""source"": ""PriorityRule"", ""weight"": 0.38, ""detail"": ""definition_question""}]}, {""intent"": ""catalogo"", ""subintent"": ""consultar_preparacion"", ""score"": 0.64, ""priority"": 70, ""reasons"": [{""source"": ""Matcher"", ""weight"": 0.54, ""detail"": ""PREPARATION_SEARCH""}, {""source"": ""PhraseMatcher"", ""weight"": 0.1, ""detail"": ""PREPARACION:a_la_marinera""}]}]",
caso_161,¿La cazuela tiene leche o crema?,seguridad_alimentaria,consultar_alergenos,seguridad_alimentaria,consultar_alergenos,0.9581640809069757,needs_human_safety_validation,True,True,needs_human_safety_validation,needs_human_safety_validation,[],safety_validation,"Por seguridad, debo validar ingredientes y preparación con el personal del restaurante.",True,True,True,"[""PRIORITY_ALLERGEN_CONTENT""]","[{""intent"": ""seguridad_alimentaria"", ""subintent"": ""consultar_alergenos"", ""score"": 3.34, ""priority"": 100, ""reasons"": [{""source"": ""Matcher"", ""weight"": 0.82, ""detail"": ""ALLERGEN_CONTENT""}, {""source"": ""Matcher"", ""weight"": 0.82, ""detail"": ""ALLERGEN_CONTENT""}, {""source"": ""PriorityRule"", ""weight"": 1.7, ""detail"": ""allergen_content""}]}, {""intent"": ""catalogo"", ""subintent"": ""consultar_detalle_producto"", ""score"": 3.1, ""priority"": 70, ""reasons"": [{""source"": ""Matcher"", ""weight"": 0.62, ""detail"": ""PRODUCT_DETAIL_CONTENT""}, {""source"": ""Matcher"", ""weight"": 0.62, ""detail"": ""PRODUCT_DETAIL_CONTENT""}, {""source"": ""Matcher"", ""weight"": 0.62, ""detail"": ""PRODUCT_DETAIL_CONTENT""}, {""source"": ""Matcher"", ""weight"": 0.62, ""detail"": ""PRODUCT_DETAIL_CONTENT""}, {""source"": ""Matcher"", ""weight"": 0.62, ""detail"": ""PRODUCT_DETAIL_CONTENT""}]}, {""intent"": ""catalogo"", ""subintent"": ""consultar_producto"", ""score"": 0.216, ""priority"": 70, ""reasons"": [{""source"": ""Lemma:catalog_fallback"", ""weight"": 0.096, ""detail"": ""tener""}, {""source"": ""PhraseMatcher"", ""weight"": 0.12, ""detail"": ""PRODUCTO_BASE:cazuela""}]}]",
caso_163,¿Qué opción no es frita?,catalogo,consultar_preparacion,catalogo,consultar_preparacion,0.6988057880877978,resolved,False,False,resolved,,[],,,True,True,True,"[""PRIORITY_PREPARATION_QUERY"", ""PRIORITY_NEGATION_MODIFICATION""]","[{""intent"": ""catalogo"", ""subintent"": ""consultar_preparacion"", ""score"": 0.96, ""priority"": 70, ""reasons"": [{""source"": ""Matcher"", ""weight"": 0.54, ""detail"": ""PREPARATION_SEARCH""}, {""source"": ""PhraseMatcher"", ""weight"": 0.1, ""detail"": ""PREPARACION:frito""}, {""source"": ""PriorityRule"", ""weight"": 0.32, ""detail"": ""preparation_question_over_modification""}]}, {""intent"": ""pedido"", ""subintent"": ""solicitar_modificacion"", ""score"": 0.48, ""priority"": 90, ""reasons"": [{""source"": ""PriorityRule"", ""weight"": 0.48, ""detail"": ""negation_modification""}]}]",
caso_165,"Soy alérgica al camarón, ¿qué puedo pedir?",recomendacion,solicitar_recomendacion_por_alergia,seguridad_alimentaria,consultar_alergenos,0.9068551993076887,needs_human_safety_validation,True,True,needs_human_safety_validation,needs_human_safety_validation,[],safety_validation,"Por seguridad, debo validar ingredientes y preparación con el personal del restaurante.",False,False,True,"[""PRIORITY_SAFETY_FIRST""]","[{""intent"": ""seguridad_alimentaria"", ""subintent"": ""consultar_alergenos"", ""score"": 1.886, ""priority"": 100, ""reasons"": [{""source"": ""Matcher"", ""weight"": 0.8, ""detail"": ""ALLERGY_QUERY""}, {""source"": ""Lemma:catalog_fallback"", ""weight"": 0.336, ""detail"": ""alérgico""}, {""source"": ""PriorityRule"", ""weight"": 0.75, ""detail"": ""safety_first""}]}, {""intent"": ""recomendacion"", ""subintent"": ""solicitar_recomendacion_por_alergia"", ""score"": 0.92, ""priority"": 65, ""reasons"": [{""source"": ""Matcher"", ""weight"": 0.92, ""detail"": ""RECOMMENDATION_BY_ALLERGY""}]}, {""intent"": ""pedido"", ""subintent"": ""iniciar_pedido"", ""score"": 0.192, ""priority"": 90, ""reasons"": [{""source"": ""Lemma:catalog_fallback"", ""weight"": 0.192, ""detail"": ""pedir""}]}, {""intent"": ""catalogo"", ""subintent"": ""consultar_producto"", ""score"": 0.12, ""priority"": 70, ""reasons"": [{""source"": ""PhraseMatcher"", ""weight"": 0.12, ""detail"": ""PRODUCTO_BASE:camaron""}]}]",
caso_170,¿Qué platos tienen sin mariscos?,catalogo,consultar_categoria_por_restriccion,catalogo,consultar_categoria_por_restriccion,0.9177506670993547,needs_business_lookup,True,True,needs_business_lookup,needs_business_lookup,[],restriction_catalog_lookup,Debo validar cuáles opciones cumplen esa restricción.,True,True,True,[],"[{""intent"": ""catalogo"", ""subintent"": ""consultar_categoria_por_restriccion"", ""score"": 1.64, ""priority"": 70, ""reasons"": [{""source"": ""Matcher"", ""weight"": 0.82, ""detail"": ""CATEGORY_DIETARY_RESTRICTION""}, {""source"": ""Matcher"", ""weight"": 0.82, ""detail"": ""CATEGORY_DIETARY_RESTRICTION""}]}, {""intent"": ""catalogo"", ""subintent"": ""consultar_categoria"", ""score"": 0.18, ""priority"": 70, ""reasons"": [{""source"": ""PhraseMatcher"", ""weight"": 0.18, ""detail"": ""CATEGORIA:mariscos""}]}, {""intent"": ""catalogo"", ""subintent"": ""consultar_producto"", ""score"": 0.096, ""priority"": 70, ""reasons"": [{""source"": ""Lemma:catalog_fallback"", ""weight"": 0.096, ""detail"": ""tener""}]}]",
caso_171,¿La salsa marinera contiene lácteos?,seguridad_alimentaria,consultar_alergenos,seguridad_alimentaria,consultar_alergenos,0.9222300368415624,needs_human_safety_validation,True,True,needs_human_safety_validation,needs_human_safety_validation,[],safety_validation,"Por seguridad, debo validar ingredientes y preparación con el personal del restaurante.",True,True,True,[],"[{""intent"": ""seguridad_alimentaria"", ""subintent"": ""consultar_alergenos"", ""score"": 1.64, ""priority"": 100, ""reasons"": [{""source"": ""Matcher"", ""weight"": 0.82, ""detail"": ""ALLERGEN_CONTENT""}, {""source"": ""Matcher"", ""weight"": 0.82, ""detail"": ""ALLERGEN_CONTENT""}]}, {""intent"": ""catalogo"", ""subintent"": ""consultar_preparacion"", ""score"": 0.1, ""priority"": 70, ""reasons"": [{""source"": ""PhraseMatcher"", ""weight"": 0.1, ""detail"": ""PREPARACION:a_la_marinera""}]}, {""intent"": ""catalogo"", ""subintent"": ""consultar_detalle_producto"", ""score"": 0.06, ""priority"": 70, ""reasons"": [{""source"": ""PhraseMatcher"", ""weight"": 0.06, ""detail"": ""INGREDIENTE:salsa""}]}]",
caso_172,¿Pueden usar utensilios separados?,seguridad_alimentaria,consultar_contaminacion_cruzada,seguridad_alimentaria,consultar_contaminacion_cruzada,0.9274877669767594,needs_human_safety_validation,True,True,needs_human_safety_validation,needs_human_safety_validation,[],cross_contamination_validation,"Por seguridad, debo confirmar con cocina el manejo de utensilios, aceite y superficies.",True,True,True,[],"[{""intent"": ""seguridad_alimentaria"", ""subintent"": ""consultar_contaminacion_cruzada"", ""score"": 1.64, ""priority"": 100, ""reasons"": [{""source"": ""Matcher"", ""weight"": 0.82, ""detail"": ""CROSS_CONTAMINATION""}, {""source"": ""Matcher"", ""weight"": 0.82, ""detail"": ""CROSS_CONTAMINATION""}]}]",
caso_173,¿Cuál plato no lleva gluten?,recomendacion,solicitar_recomendacion_por_restriccion,recomendacion,solicitar_recomendacion_por_restriccion,0.5818855165060807,ambiguous,True,True,needs_user_clarification,close_candidates,[],close_candidates,Tu mensaje admite dos interpretaciones. ¿Qué deseas hacer?,True,True,True,[],"[{""intent"": ""recomendacion"", ""subintent"": ""solicitar_recomendacion_por_restriccion"", ""score"": 0.86, ""priority"": 65, ""reasons"": [{""source"": ""Matcher"", ""weight"": 0.86, ""detail"": ""RECOMMENDATION_BY_RESTRICTION""}]}, {""intent"": ""seguridad_alimentaria"", ""subintent"": ""consultar_alergenos"", ""score"": 0.72, ""priority"": 100, ""reasons"": [{""source"": ""Matcher"", ""weight"": 0.72, ""detail"": ""ALLERGEN_OPEN_QUERY""}]}]",
caso_174,¿La mojarra se puede hacer a la plancha?,catalogo,consultar_preparacion_producto,catalogo,consultar_preparacion_producto,0.9471342712616496,resolved,False,False,resolved,,[],,,True,True,True,[],"[{""intent"": ""catalogo"", ""subintent"": ""consultar_preparacion_producto"", ""score"": 2.1, ""priority"": 70, ""reasons"": [{""source"": ""Matcher"", ""weight"": 0.7, ""detail"": ""PREPARATION_PRODUCT_VERBAL""}, {""source"": ""Matcher"", ""weight"": 0.7, ""detail"": ""PREPARATION_PRODUCT_VERBAL""}, {""source"": ""Matcher"", ""weight"": 0.7, ""detail"": ""PREPARATION_PRODUCT_VERBAL""}]}, {""intent"": ""pedido"", ""subintent"": ""seleccionar_preparacion"", ""score"": 0.6, ""priority"": 90, ""reasons"": [{""source"": ""Matcher"", ""weight"": 0.6, ""detail"": ""ORDER_SELECT_PREPARATION""}]}, {""intent"": ""catalogo"", ""subintent"": ""consultar_producto"", ""score"": 0.12, ""priority"": 70, ""reasons"": [{""source"": ""PhraseMatcher"", ""weight"": 0.12, ""detail"": ""PRODUCTO_BASE:mojarra""}]}, {""intent"": ""catalogo"", ""subintent"": ""consultar_preparacion"", ""score"": 0.1, ""priority"": 70, ""reasons"": [{""source"": ""PhraseMatcher"", ""weight"": 0.1, ""detail"": ""PREPARACION:a_la_plancha""}]}]",
caso_176,¿Qué acompañamientos tienen huevo?,seguridad_alimentaria,consultar_alergenos,seguridad_alimentaria,consultar_alergenos,0.6620306269896217,needs_human_safety_validation,True,True,needs_human_safety_validation,needs_human_safety_validation,[],safety_validation,"Por seguridad, debo validar ingredientes y preparación con el personal del restaurante.",True,True,True,[],"[{""intent"": ""seguridad_alimentaria"", ""subintent"": ""consultar_alergenos"", ""score"": 0.72, ""priority"": 100, ""reasons"": [{""source"": ""Matcher"", ""weight"": 0.72, ""detail"": ""ALLERGEN_OPEN_QUERY""}]}, {""intent"": ""catalogo"", ""subintent"": ""consultar_producto"", ""score"": 0.096, ""priority"": 70, ""reasons"": [{""source"": ""Lemma:catalog_fallback"", ""weight"": 0.096, ""detail"": ""tener""}]}]",
caso_177,¿El aceite se comparte con productos apanados?,seguridad_alimentaria,consultar_contaminacion_cruzada,seguridad_alimentaria,consultar_contaminacion_cruzada,0.73071904444755,needs_human_safety_validation,True,True,needs_human_safety_validation,needs_human_safety_validation,[],cross_contamination_validation,"Por seguridad, debo confirmar con cocina el manejo de utensilios, aceite y superficies.",True,True,True,[],"[{""intent"": ""seguridad_alimentaria"", ""subintent"": ""consultar_contaminacion_cruzada"", ""score"": 0.82, ""priority"": 100, ""reasons"": [{""source"": ""Matcher"", ""weight"": 0.82, ""detail"": ""CROSS_CONTAMINATION""}]}]",
caso_178,¿Tienen una opción vegetariana?,catalogo,consultar_categoria_por_restriccion,catalogo,consultar_categoria_por_restriccion,0.7120014979284015,needs_business_lookup,True,True,needs_business_lookup,needs_business_lookup,[],restriction_catalog_lookup,Debo validar cuáles opciones cumplen esa restricción.,True,True,True,[],"[{""intent"": ""catalogo"", ""subintent"": ""consultar_categoria_por_restriccion"", ""score"": 0.82, ""priority"": 70, ""reasons"": [{""source"": ""Matcher"", ""weight"": 0.82, ""detail"": ""CATEGORY_DIETARY_RESTRICTION""}]}, {""intent"": ""catalogo"", ""subintent"": ""consultar_producto"", ""score"": 0.096, ""priority"": 70, ""reasons"": [{""source"": ""Lemma:catalog_fallback"", ""weight"": 0.096, ""detail"": ""tener""}]}]",
caso_181,Necesito almuerzo para doce personas.,pedido,iniciar_pedido_grupal,reserva_evento,solicitar_evento,0.44345096558953523,needs_user_clarification,True,True,needs_user_clarification,missing:date,"[""date""]",missing_event_date,¿Para qué fecha estás planeando el evento?,False,False,True,[],"[{""intent"": ""reserva_evento"", ""subintent"": ""solicitar_evento"", ""score"": 0.62, ""priority"": 75, ""reasons"": [{""source"": ""Matcher"", ""weight"": 0.62, ""detail"": ""EVENT_PROPOSAL""}]}, {""intent"": ""pedido"", ""subintent"": ""iniciar_pedido_grupal"", ""score"": 0.58, ""priority"": 90, ""reasons"": [{""source"": ""Matcher"", ""weight"": 0.58, ""detail"": ""ORDER_GROUP_START""}]}]",
caso_182,¿Pueden entregar todos los pedidos marcados?,operacion,consultar_empaque,pedido,iniciar_pedido,0.19555284381816018,needs_user_clarification,True,True,needs_user_clarification,missing:product,"[""product""]",missing_order_product,¿Qué plato deseas pedir?,False,False,True,[],"[{""intent"": ""pedido"", ""subintent"": ""iniciar_pedido"", ""score"": 0.192, ""priority"": 90, ""reasons"": [{""source"": ""Lemma:catalog_fallback"", ""weight"": 0.192, ""detail"": ""pedir""}]}, {""intent"": ""operacion"", ""subintent"": ""consultar_empaque"", ""score"": 0.128, ""priority"": 55, ""reasons"": [{""source"": ""Lemma:catalog_fallback"", ""weight"": 0.128, ""detail"": ""marcar""}]}]",
caso_183,¿Manejan factura electrónica?,operacion,consultar_facturacion,operacion,consultar_facturacion,0.99,needs_business_lookup,True,True,needs_business_lookup,needs_business_lookup,[],invoice_business_lookup,Debo validar las condiciones de facturación con el restaurante.,True,True,True,[],"[{""intent"": ""operacion"", ""subintent"": ""consultar_facturacion"", ""score"": 3.452, ""priority"": 55, ""reasons"": [{""source"": ""Matcher"", ""weight"": 0.6, ""detail"": ""INVOICE_QUERY""}, {""source"": ""Matcher"", ""weight"": 0.6, ""detail"": ""INVOICE_QUERY""}, {""source"": ""Matcher"", ""weight"": 0.6, ""detail"": ""INVOICE_QUERY""}, {""source"": ""Matcher"", ""weight"": 0.6, ""detail"": ""INVOICE_QUERY""}, {""source"": ""Matcher"", ""weight"": 0.6, ""detail"": ""INVOICE_QUERY""}, {""source"": ""Lemma:catalog_fallback"", ""weight"": 0.192, ""detail"": ""facturar""}, {""source"": ""PhraseMatcher"", ""weight"": 0.26, ""detail"": ""SERVICIO:factura_electronica""}]}]",
caso_185,¿Puedo programarlo para la una?,operacion,consultar_pedido_programado,operacion,consultar_pedido_programado,0.7928682055184259,needs_user_clarification,True,True,needs_user_clarification,missing:time,"[""time""]",missing_delivery_time,¿Para qué hora necesitas la entrega?,True,True,True,[],"[{""intent"": ""operacion"", ""subintent"": ""consultar_pedido_programado"", ""score"": 0.984, ""priority"": 55, ""reasons"": [{""source"": ""Matcher"", ""weight"": 0.6, ""detail"": ""SCHEDULED_ORDER""}, {""source"": ""Lemma:catalog_fallback"", ""weight"": 0.144, ""detail"": ""programar""}, {""source"": ""PhraseMatcher"", ""weight"": 0.24, ""detail"": ""SERVICIO:pedido_programado""}]}]",
caso_191,Necesito seis bagres y seis arroces con camarón.,pedido,agregar_productos_pedido,catalogo,consultar_categoria,0.1845376288127073,resolved,True,False,resolved,,[],,,False,False,False,[],"[{""intent"": ""catalogo"", ""subintent"": ""consultar_categoria"", ""score"": 0.18, ""priority"": 70, ""reasons"": [{""source"": ""PhraseMatcher"", ""weight"": 0.18, ""detail"": ""CATEGORIA:arroces""}]}, {""intent"": ""catalogo"", ""subintent"": ""consultar_producto"", ""score"": 0.12, ""priority"": 70, ""reasons"": [{""source"": ""PhraseMatcher"", ""weight"": 0.12, ""detail"": ""PRODUCTO_BASE:camaron""}]}]",
caso_192,¿Pueden poner el nombre de cada persona?,operacion,consultar_empaque,operacion,consultar_empaque,0.3188685728204529,needs_business_lookup,True,True,needs_business_lookup,needs_business_lookup,[],packaging_business_lookup,Debo confirmar con el restaurante si puede preparar el empaque solicitado.,True,True,True,[],"[{""intent"": ""operacion"", ""subintent"": ""consultar_empaque"", ""score"": 0.24, ""priority"": 55, ""reasons"": [{""source"": ""PhraseMatcher"", ""weight"": 0.24, ""detail"": ""SERVICIO:etiquetado_nombre""}]}]",
caso_193,¿Cuál es el tiempo de entrega para doce pedidos?,domicilio,consultar_domicilio_grupal,domicilio,consultar_domicilio_grupal,0.8044618934233051,needs_business_lookup,True,True,needs_business_lookup,needs_business_lookup,[],group_delivery_lookup,Debo validar el tiempo y las condiciones de entrega para ese pedido grupal.,True,True,True,[],"[{""intent"": ""domicilio"", ""subintent"": ""consultar_domicilio_grupal"", ""score"": 1.44, ""priority"": 75, ""reasons"": [{""source"": ""Matcher"", ""weight"": 0.72, ""detail"": ""DELIVERY_GROUP""}, {""source"": ""Matcher"", ""weight"": 0.72, ""detail"": ""DELIVERY_GROUP""}]}, {""intent"": ""domicilio"", ""subintent"": ""consultar_domicilio"", ""score"": 0.96, ""priority"": 75, ""reasons"": [{""source"": ""Matcher"", ""weight"": 0.54, ""detail"": ""DELIVERY_QUERY""}, {""source"": ""Lemma:catalog_fallback"", ""weight"": 0.16, ""detail"": ""domicilio""}, {""source"": ""PhraseMatcher"", ""weight"": 0.26, ""detail"": ""SERVICIO:domicilio""}]}, {""intent"": ""pedido"", ""subintent"": ""iniciar_pedido"", ""score"": 0.192, ""priority"": 90, ""reasons"": [{""source"": ""Lemma:catalog_fallback"", ""weight"": 0.192, ""detail"": ""pedir""}]}]",
caso_198,¿Tienen capacidad para cincuenta personas?,reserva_evento,consultar_eventos,,,0.0,unknown,False,True,needs_user_clarification,no_evidence,[],no_evidence,No pude identificar la solicitud. ¿Qué deseas consultar o pedir?,False,False,False,[],"[{""intent"": ""catalogo"", ""subintent"": ""consultar_producto"", ""score"": 0.096, ""priority"": 70, ""reasons"": [{""source"": ""Lemma:catalog_fallback"", ""weight"": 0.096, ""detail"": ""tener""}]}]",
caso_199,¿Puedo pagar una parte por transferencia y otra con tarjeta?,pago,consultar_pago_mixto,pago,consultar_pago_mixto,0.9413401633424826,ambiguous,True,True,needs_user_clarification,close_candidates,[],close_candidates,Tu mensaje admite dos interpretaciones. ¿Qué deseas hacer?,True,True,True,"[""PRIORITY_MIXED_PAYMENT""]","[{""intent"": ""pago"", ""subintent"": ""consultar_pago_mixto"", ""score"": 3.05, ""priority"": 75, ""reasons"": [{""source"": ""Matcher"", ""weight"": 1.25, ""detail"": ""PAYMENT_MIXED""}, {""source"": ""Matcher"", ""weight"": 1.25, ""detail"": ""PAYMENT_MIXED""}, {""source"": ""PriorityRule"", ""weight"": 0.55, ""detail"": ""multiple_payment_methods""}]}, {""intent"": ""pago"", ""subintent"": ""consultar_medio_pago"", ""score"": 2.92, ""priority"": 75, ""reasons"": [{""source"": ""Matcher"", ""weight"": 0.55, ""detail"": ""PAYMENT_QUERY""}, {""source"": ""Matcher"", ""weight"": 0.55, ""detail"": ""PAYMENT_QUERY""}, {""source"": ""Matcher"", ""weight"": 0.55, ""detail"": ""PAYMENT_QUERY""}, {""source"": ""Matcher"", ""weight"": 0.55, ""detail"": ""PAYMENT_QUERY""}, {""source"": ""Lemma:catalog_fallback"", ""weight"": 0.16, ""detail"": ""pagar""}, {""source"": ""PhraseMatcher"", ""weight"": 0.28, ""detail"": ""MEDIO_PAGO:transferencia_bancaria""}, {""source"": ""PhraseMatcher"", ""weight"": 0.28, ""detail"": ""MEDIO_PAGO:tarjeta""}]}]",
